Workbook

Sheet 01.20
A1: № | B1: Кўрсаткич | C1: жами | D1: Ал-Хоразмий | E1: Бахористон | F1: Бектўпи | G1: Гулистон | H1: Катта Хирмонтепа | I1: Тирсакобод | J1: Хайрабод | K1: Хирмон тепа | L1: Хонтўпи | M1: Шараф | N1: Шарқ | O1: Шарқ тонги | P1: Шухрат | Q1: 1-Чарх Камолон | R1: 2-Чарх Камолон | S1: 3-Чарх Камолон | T1: Бешёғоч | U1: Катта Козиробод | V1: Катта Олмазор | W1: Катта Чилонзор-1 | X1: Катта Чилонзор-2 | Y1: Катта Чилонзор-3 | Z1: Қозиробод | AA1: Новза | AB1: Чилонзор | AC1: 1-Қатортол | AD1: Бешчинор | AE1: Боғзор | AF1: Диёр | AG1: Дилобод | AH1: Катта Навбаҳор | AI1: Кўркам | AJ1: Кўтарма | AK1: Қатортол | AL1: Лутфий | AM1: Навбахор | AN1: Нафосат | AO1: Оқ-тепа | AP1: Халқлар Дўстлиги | AQ1: Чўпон-ота | AR1: 2-Қатортол | AS1: Ботирма | AT1: Бўрижар | AU1: Гавхар | AV1: Дўмбиробод | AW1: Зарқўрғон | AX1: Катта Дўмбиробод | AY1: Кичик Хирмонтепа | AZ1: Мевазор | BA1: Мехржон | BB1: Наққошлик | BC1: Фидокор | BD1: Яккабоғ | BE1: Яккатут | BF1: Бешқўрғон
A2: 1. | B2: Савдо ва маиший хизмат кўрсатиш объектларини техник қўриқловга олиш | C2: =+SUM(D2:BF2) -> 3 | D2: =+SUM(D3:D7) -> 0 | E2: =+SUM(E3:E7) -> 0 | F2: =+SUM(F3:F7) -> 0 | G2: =+SUM(G3:G7) -> 0 | H2: =+SUM(H3:H7) -> 0 | I2: =+SUM(I3:I7) -> 0 | J2: =+SUM(J3:J7) -> 0 | K2: =+SUM(K3:K7) -> 0 | ... BF2: =+SUM(BF3:BF7) -> 0
A3: шундан | B3: савдо дўконлари | C3: =+SUM(D3:BF3) -> 0
B4: спиртли ичимликлар дўконлари | C4: =+SUM(D4:BF4) -> 0
B5: умумий овқатланиш жойлари | C5: =+SUM(D5:BF5) -> 0
B6: компьютер-плейстейшн | C6: =+SUM(D6:BF6) -> 0
B7: бошқа турдаги объектлар | C7: =+SUM(D7:BF7) -> 3 | Z7: 1 | AN7: 1 | AX7: 1
A8: 2. | B8: Кўп қаватли ва якка тартибдаги хонадонларни техник қўриқловга олиш | C8: =+SUM(D8:BF8) -> 10 | G8: 2 | W8: 3 | AE8: 2 | AG8: 1 | AK8: 1 | AL8: 1
A9: 3. | B9: Кўп қаватли уйларнинг кириш йўлаклари олдига ташвиш тугмаларини ўрнатиш | C9: =+SUM(D9:BF9) -> 0
A10: 4. | B10: Кун давомида келиб тушган "ташвиш хабарлари" | C10: 39 | D10: 2 | E10: 1 | F10: 4 | G10: 2 | H10: 3 | I10: 3 | K10: 2 | M10: 1 | N10: 1 | Q10: 3 | U10: 1 | X10: 3 | Z10: 2 | AC10: 1 | AE10: 2 | AG10: 3 | AI10: 1 | AS10: 1 | AX10: 2 | BB10: 1
A11: 4.1. | B11: Чақирувга асосан ҳодиса жойига етиб борган тезкор ҳаракатланувчи гуруҳ | C11: 39 | D11: 2 | E11: 1 | F11: 4 | G11: 2 | H11: 3 | I11: 3 | K11: 2 | M11: 1 | N11: 1 | Q11: 3 | U11: 1 | X11: 3 | Z11: 2 | AC11: 1 | AE11: 2 | AG11: 3 | AI11: 1 | AS11: 1 | AX11: 2 | BB11: 1
A12: 5. | B12: тезкор ҳаракатланувчи гуруҳлар томонидан аниқланган жиноятлар | C12: =+SUM(D12:BF12) -> 2 | Y12: 1 | AG12: 1
A13: 6. | B13: тезкор ҳаракатланувчи гуруҳлар томонидан ушланган қидирувдаги шахслар | C13: =+SUM(D13:BF13) -> 2 | H13: 1 | AA13: 1
A14: 7. | B14: Қўриқлаш хизмати афзалликлари бўйича тарғибот учрашувлари ўтказиш | C14: =+SUM(D14:BF14) -> 100 | D14: 1 | E14: 2 | F14: 2 | G14: 3 | H14: 3 | I14: 2 | J14: 3 | K14: 2 | L14: 2 | M14: 1 | N14: 3 | O14: 2 | P14: 3 | Q14: 2 | R14: 2 | S14: 3 | T14: 2 | U14: 2 | V14: 3 | W14: 1 | X14: 2 | Y14: 3 | Z14: 3 | AA14: 3 | AB14: 1 | AC14: 2 | AD14: 1 | AE14: 1 | AF14: 2 | AG14: 1 | AH14: 1 | AI14: 1 | AJ14: 2 | AK14: 3 | AL14: 1 | AM14: 2 | AN14: 1 | AO14: 2 | AP14: 1 | AQ14: 2 | AR14: 1 | AS14: 2 | AT14: 1 | AU14: 2 | AV14: 2 | AW14: 2 | AX14: 1 | AY14: 2 | AZ14: 1 | BA14: 1 | BB14: 1 | BC14: 2 | BD14: 1 | BE14: 1 | BF14: 1
A15: 8. | B15: “Объект қўриқловда!” ва “Хонадон қўриқловда!” стикерларини жойлаштириш | C15: =+SUM(D15:BF15) -> 85 | D15: 2 | F15: 5 | G15: 3 | J15: 2 | K15: 3 | M15: 2 | N15: 1 | P15: 2 | Q15: 5 | R15: 1 | S15: 3 | U15: 3 | V15: 4 | W15: 1 | Y15: 1 | Z15: 3 | AA15: 2 | AB15: 5 | AC15: 2 | AD15: 2 | AF15: 2 | AH15: 1 | AI15: 1 | AJ15: 2 | AK15: 3 | AL15: 2 | AM15: 1 | AN15: 1 | AO15: 2 | AR15: 2 | AS15: 1 | AT15: 1 | AU15: 2 | AW15: 1 | AY15: 1 | AZ15: 2 | BB15: 2 | BD15: 3 | BF15: 3
A16: 9. | B16: Объектларни жисмоний қўриқловга олиш | C16: =+SUM(D16:BF16) -> 0 | D16: =+D17+D18+D19 -> 0 | E16: =+E17+E18+E19 -> 0 | F16: =+F17+F18+F19 -> 0 | G16: =+G17+G18+G19 -> 0 | H16: =+H17+H18+H19 -> 0 | I16: =+I17+I18+I19 -> 0 | J16: =+J17+J18+J19 -> 0 | K16: =+K17+K18+K19 -> 0 | ... BF16: =+BF17+BF18+BF19 -> 0
A17: шундан | B17: шаҳодатланган таркиб | C17: =+SUM(D17:BF17) -> 0
B18: ҳарбийлаштирилган соқчи | C18: =+SUM(D18:BF18) -> 0
B19: қоровуллик | C19: =+SUM(D19:BF19) -> 0
A21: 1. | B21: Савдо ва маиший хизмат кўрсатиш объектларини техник қўриқловга олиш | C21: 0 | D21: 0 | E21: -1 | F21: -1 | G21: 0 | H21: 2 | I21: 0 | J21: 0 | K21: 0 | L21: 0 | M21: -2 | N21: 2 | O21: 0 | P21: 0 | Q21: 0 | R21: -1 | S21: 1 | T21: 0 | U21: -2 | V21: 2 | W21: 0 | X21: -1 | Y21: 1 | Z21: 0 | AA21: 0 | AB21: 0 | AC21: 0 | AD21: -1 | AE21: 1 | AF21: -2 | AG21: 2 | AH21: 0 | AI21: -2 | AJ21: 1 | AK21: 1 | AL21: -9 | AM21: 9 | AN21: 0 | AO21: 0 | AP21: 0 | AQ21: 0 | AR21: 0 | AS21: -5 | AT21: 5 | AU21: 0 | AV21: 0 | AW21: -1 | AX21: 0 | AY21: 1 | AZ21: 0 | BA21: -1 | BB21: 1 | BC21: 0 | BD21: 0 | BE21: -1 | BF21: 1
A22: шундан | B22: савдо дўконлари | C22: 0 | D22: 0 | E22: -1 | F22: -1 | G22: 0 | H22: 2 | I22: 0 | J22: 0 | K22: 0 | L22: 0 | M22: -2 | N22: 2 | O22: 0 | P22: 0 | Q22: 0 | R22: -1 | S22: 1 | T22: 0 | U22: -2 | V22: 2 | W22: 0 | X22: -1 | Y22: 1 | Z22: 0 | AA22: 0 | AB22: 0 | AC22: 0 | AD22: -1 | AE22: 1 | AF22: -2 | AG22: 2 | AH22: 0 | AI22: -2 | AJ22: 1 | AK22: 1 | AL22: -9 | AM22: 9 | AN22: 0 | AO22: 0 | AP22: 0 | AQ22: 0 | AR22: 0 | AS22: -5 | AT22: 5 | AU22: 0 | AV22: 0 | AW22: -1 | AX22: 0 | AY22: 1 | AZ22: 0 | BA22: -1 | BB22: 1 | BC22: 0 | BD22: 0 | BE22: -1 | BF22: 1

Sheet 01.21
A1: № | B1: Кўрсаткич | C1: жами | D1: Ал-Хоразмий | E1: Бахористон | F1: Бектўпи | G1: Гулистон | H1: Катта Хирмонтепа | I1: Тирсакобод | J1: Хайрабод | K1: Хирмон тепа | L1: Хонтўпи | M1: Шараф | N1: Шарқ | O1: Шарқ тонги | P1: Шухрат | Q1: 1-Чарх Камолон | R1: 2-Чарх Камолон | S1: 3-Чарх Камолон | T1: Бешёғоч | U1: Катта Козиробод | V1: Катта Олмазор | W1: Катта Чилонзор-1 | X1: Катта Чилонзор-2 | Y1: Катта Чилонзор-3 | Z1: Қозиробод | AA1: Новза | AB1: Чилонзор | AC1: 1-Қатортол | AD1: Бешчинор | AE1: Боғзор | AF1: Диёр | AG1: Дилобод | AH1: Катта Навбаҳор | AI1: Кўркам | AJ1: Кўтарма | AK1: Қатортол | AL1: Лутфий | AM1: Навбахор | AN1: Нафосат | AO1: Оқ-тепа | AP1: Халқлар Дўстлиги | AQ1: Чўпон-ота | AR1: 2-Қатортол | AS1: Ботирма | AT1: Бўрижар | AU1: Гавхар | AV1: Дўмбиробод | AW1: Зарқўрғон | AX1: Катта Дўмбиробод | AY1: Кичик Хирмонтепа | AZ1: Мевазор | BA1: Мехржон | BB1: Наққошлик | BC1: Фидокор | BD1: Яккабоғ | BE1: Яккатут | BF1: Бешқўрғон
A2: 1. | B2: Савдо ва маиший хизмат кўрсатиш объектларини техник қўриқловга олиш | D2: =+SUM(D3:D7) -> 0 | E2: =+SUM(E3:E7) -> 0 | F2: =+SUM(F3:F7) -> 0 | G2: =+SUM(G3:G7) -> 0 | I2: =+SUM(I3:I7) -> 0 | J2: =+SUM(J3:J7) -> 0 | K2: =+SUM(K3:K7) -> 0 | L2: =+SUM(L3:L7) -> 0 | M2: =+SUM(M3:M7) -> 0 | N2: =+SUM(N3:N7) -> 0 | O2: =+SUM(O3:O7) -> 0 | Q2: =+SUM(Q3:Q7) -> 0 | R2: =+SUM(R3:R7) -> 0 | S2: =+SUM(S3:S7) -> 0 | T2: =+SUM(T3:T7) -> 0 | U2: =+SUM(U3:U7) -> 0 | V2: =+SUM(V3:V7) -> 0 | W2: =+SUM(W3:W7) -> 0 | X2: =+SUM(X3:X7) -> 0 | ... AD2: =+SUM(AD3:AD7) -> 0 | AF2: =+SUM(AF3:AF7) -> 0 | AG2: =+SUM(AG3:AG7) -> 0 | AH2: =+SUM(AH3:AH7) -> 0 | AI2: =+SUM(AI3:AI7) -> 0 | AJ2: =+SUM(AJ3:AJ7) -> 0 | AK2: =+SUM(AK3:AK7) -> 0 | AL2: =+SUM(AL3:AL7) -> 0 | AM2: =+SUM(AM3:AM7) -> 0 | ... AQ2: =+SUM(AQ3:AQ7) -> 0 | AS2: =+SUM(AS3:AS7) -> 0 | AT2: =+SUM(AT3:AT7) -> 0 | AU2: =+SUM(AU3:AU7) -> 0 | AV2: =+SUM(AV3:AV7) -> 0 | AX2: =+SUM(AX3:AX7) -> 0 | AY2: =+SUM(AY3:AY7) -> 0 | AZ2: =+SUM(AZ3:AZ7) -> 0 | BA2: =+SUM(BA3:BA7) -> 0 | BB2: =+SUM(BB3:BB7) -> 0 | BD2: =+SUM(BD3:BD7) -> 0 | BE2: =+SUM(BE3:BE7) -> 0 | BF2: =+SUM(BF3:BF7) -> 0
A3: шундан | B3: савдо дўконлари | C3: =+SUM(D3:BF3) -> 0
B4: спиртли ичимликлар дўконлари | C4: =+SUM(D4:BF4) -> 0
B5: умумий овқатланиш жойлари | C5: =+SUM(D5:BF5) -> 0
B6: компьютер-плейстейшн | C6: =+SUM(D6:BF6) -> 0
B7: бошқа турдаги объектлар | C7: =+SUM(D7:BF7) -> 0
A8: 2. | B8: Кўп қаватли ва якка тартибдаги хонадонларни техник қўриқловга олиш | C8: =+SUM(D8:BF8) -> 8 | H8: 1 | P8: 1 | AE8: 2 | AR8: 2 | AW8: 1 | BC8: 1
A9: 3. | B9: Кўп қаватли уйларнинг кириш йўлаклари олдига ташвиш тугмаларини ўрнатиш | C9: =+SUM(D9:BF9) -> 12 | W9: 12
A10: 4. | B10: Кун давомида келиб тушган "ташвиш хабарлари" | C10: =+SUM(D10:BF10) -> 30 | D10: 1 | F10: 1 | I10: 1 | L10: 1 | O10: 2 | Q10: 1 | R10: 1 | U10: 1 | W10: 1 | Y10: 1 | AB10: 1 | AD10: 1 | AH10: 2 | AJ10: 1 | AL10: 1 | AN10: 1 | AP10: 2 | AR10: 1 | AU10: 1 | AW10: 1 | AX10: 2 | AY10: 1 | BA10: 1 | BC10: 1 | BD10: 1 | BE10: 1
A11: 4.1. | B11: Чақирувга асосан ҳодиса жойига етиб борган тезкор ҳаракатланувчи гуруҳ | C11: =+SUM(D11:BF11) -> 30 | D11: 1 | F11: 1 | I11: 1 | L11: 1 | O11: 2 | Q11: 1 | R11: 1 | U11: 1 | W11: 1 | Y11: 1 | AB11: 1 | AD11: 1 | AH11: 2 | AJ11: 1 | AL11: 1 | AN11: 1 | AP11: 2 | AR11: 1 | AU11: 1 | AW11: 1 | AX11: 2 | AY11: 1 | BA11: 1 | BC11: 1 | BD11: 1 | BE11: 1
A12: 5. | B12: тезкор ҳаракатланувчи гуруҳлар томонидан аниқланган жиноятлар | C12: =+SUM(D12:BF12) -> 0
A13: 6. | B13: тезкор ҳаракатланувчи гуруҳлар томонидан ушланган қидирувдаги шахслар | C13: =+SUM(D13:BF13) -> 3 | AM13: 1 | AN13: 1 | AR13: 1
A14: 7. | B14: Қўриқлаш хизмати афзалликлари бўйича тарғибот учрашувлари ўтказиш | C14: =+SUM(D14:BF14) -> 90 | D14: 2 | E14: 3 | F14: 1 | G14: 2 | H14: 1 | I14: 2 | J14: 1 | K14: 2 | L14: 1 | M14: 2 | N14: 3 | O14: 2 | P14: 5 | Q14: 2 | R14: 3 | S14: 2 | T14: 1 | U14: 3 | V14: 4 | W14: 3 | X14: 5 | Y14: 2 | Z14: 1 | AA14: 1 | AB14: 2 | AC14: 1 | AD14: 2 | AE14: 3 | AF14: 1 | AG14: 2 | AH14: 1 | AI14: 2 | AJ14: 1 | AK14: 1 | AL14: 2 | AM14: 2 | AN14: 3 | AO14: 1 | AQ14: 2 | AR14: 3 | AS14: 1 | AT14: 2 | AU14: 1 | AV14: 2 | AW14: 1
A15: 8. | B15: “Объект қўриқловда!” ва “Хонадон қўриқловда!” стикерларини жойлаштириш | C15: =+SUM(D15:BF15) -> 65 | D15: 1 | E15: 1 | F15: 2 | G15: 1 | H15: 2 | I15: 1 | J15: 2 | K15: 1 | L15: 2 | M15: 1 | N15: 2 | O15: 1 | P15: 3 | Q15: 1 | R15: 2 | S15: 1 | T15: 2 | U15: 2 | V15: 1 | W15: 3 | X15: 1 | Y15: 2 | Z15: 1 | AA15: 2 | AB15: 1 | AC15: 2 | AD15: 1 | AE15: 1 | AF15: 2 | AG15: 2 | AH15: 1 | AI15: 1 | AL15: 1 | AN15: 1 | AQ15: 1 | AR15: 2 | AS15: 1 | AU15: 1 | AV15: 1 | AW15: 2 | AX15: 1 | AY15: 1 | AZ15: 2 | BA15: 1 | BD15: 1
A16: 9. | B16: Объектларни жисмоний қўриқловга олиш | C16: =+SUM(D16:BF16) -> 1 | AL16: 1
A17: шундан | B17: шаҳодатланган таркиб | C17: =+SUM(D17:BF17) -> 6 | AL17: 6
B18: ҳарбийлаштирилган соқчи | C18: =+SUM(D18:BF18) -> 0
B19: қоровуллик | C19: =+SUM(D19:BF19) -> 0

Sheet 01.22
A1: № | B1: Кўрсаткич | C1: жами | D1: Ал-Хоразмий | E1: Бахористон | F1: Бектўпи | G1: Гулистон | H1: Катта Хирмонтепа | I1: Тирсакобод | J1: Хайрабод | K1: Хирмон тепа | L1: Хонтўпи | M1: Шараф | N1: Шарқ | O1: Шарқ тонги | P1: Шухрат | Q1: 1-Чарх Камолон | R1: 2-Чарх Камолон | S1: 3-Чарх Камолон | T1: Бешёғоч | U1: Катта Козиробод | V1: Катта Олмазор | W1: Катта Чилонзор-1 | X1: Катта Чилонзор-2 | Y1: Катта Чилонзор-3 | Z1: Қозиробод | AA1: Новза | AB1: Чилонзор | AC1: 1-Қатортол | AD1: Бешчинор | AE1: Боғзор | AF1: Диёр | AG1: Дилобод | AH1: Катта Навбаҳор | AI1: Кўркам | AJ1: Кўтарма | AK1: Қатортол | AL1: Лутфий | AM1: Навбахор | AN1: Нафосат | AO1: Оқ-тепа | AP1: Халқлар Дўстлиги | AQ1: Чўпон-ота | AR1: 2-Қатортол | AS1: Ботирма | AT1: Бўрижар | AU1: Гавхар | AV1: Дўмбиробод | AW1: Зарқўрғон | AX1: Катта Дўмбиробод | AY1: Кичик Хирмонтепа | AZ1: Мевазор | BA1: Мехржон | BB1: Наққошлик | BC1: Фидокор | BD1: Яккабоғ | BE1: Яккатут | BF1: Бешқўрғон
A2: 1. | B2: Савдо ва маиший хизмат кўрсатиш объектларини техник қўриқловга олиш | C2: =+SUM(D2:BF2) -> 3 | D2: =+SUM(D3:D7) -> 0 | E2: =+SUM(E3:E7) -> 0 | F2: =+SUM(F3:F7) -> 0 | G2: =+SUM(G3:G7) -> 0 | H2: =+SUM(H3:H7) -> 0 | I2: =+SUM(I3:I7) -> 0 | J2: =+SUM(J3:J7) -> 0 | K2: =+SUM(K3:K7) -> 0 | ... BF2: =+SUM(BF3:BF7) -> 1
A3: шундан | B3: савдо дўконлари | C3: =+SUM(D3:BF3) -> 0
B4: спиртли ичимликлар дўконлари | C4: =+SUM(D4:BF4) -> 0
B5: умумий овқатланиш жойлари | C5: =+SUM(D5:BF5) -> 0
B6: компьютер-плейстейшн | C6: =+SUM(D6:BF6) -> 0
B7: бошқа турдаги объектлар | C7: =+SUM(D7:BF7) -> 3 | AU7: 2 | BF7: 1
A8: 2. | B8: Кўп қаватли ва якка тартибдаги хонадонларни техник қўриқловга олиш | C8: =+SUM(D8:BF8) -> 4 | L8: 1 | N8: 1 | AP8: 2
A9: 3. | B9: Кўп қаватли уйларнинг кириш йўлаклари олдига ташвиш тугмаларини ўрнатиш | C9: =+SUM(D9:BF9) -> 0
A10: 4. | B10: Кун давомида келиб тушган "ташвиш хабарлари" | C10: =+SUM(D10:BF10) -> 6 | O10: 1 | W10: 1 | AB10: 1 | AJ10: 1 | AW10: 1 | BF10: 1
A11: 4.1. | B11: Чақирувга асосан ҳодиса жойига етиб борган тезкор ҳаракатланувчи гуруҳ | C11: =+SUM(D11:BF11) -> 6 | O11: 1 | W11: 1 | AB11: 1 | AJ11: 1 | AW11: 1 | BF11: 1
A12: 5. | B12: тезкор ҳаракатланувчи гуруҳлар томонидан аниқланган жиноятлар | C12: =+SUM(D12:BF12) -> 0
A13: 6. | B13: тезкор ҳаракатланувчи гуруҳлар томонидан ушланган қидирувдаги шахслар | C13: =+SUM(D13:BF13) -> 0
A14: 7. | B14: Қўриқлаш хизмати афзалликлари бўйича тарғибот учрашувлари ўтказиш | C14: =+SUM(D14:BF14) -> 51 | D14: 5 | J14: 3 | N14: 10 | T14: 7 | Y14: 4 | AB14: 5 | AE14: 10 | AS14: 4 | AY14: 3
A15: 8. | B15: “Объект қўриқловда!” ва “Хонадон қўриқловда!” стикерларини жойлаштириш | C15: =+SUM(D15:BF15) -> 22 | D15: 2 | J15: 3 | R15: 4 | Z15: 2 | AE15: 4 | AK15: 4 | AV15: 3
A16: 9. | B16: Объектларни жисмоний қўриқловга олиш | C16: =+SUM(D16:BF16) -> 0
A17: шундан | B17: шаҳодатланган таркиб | C17: =+SUM(D17:BF17) -> 0
B18: ҳарбийлаштирилган соқчи | C18: =+SUM(D18:BF18) -> 0
B19: қоровуллик | C19: =+SUM(D19:BF19) -> 0

Sheet 01.23
A1: № | B1: Кўрсаткич | C1: жами | D1: Ал-Хоразмий | E1: Бахористон | F1: Бектўпи | G1: Гулистон | H1: Катта Хирмонтепа | I1: Тирсакобод | J1: Хайрабод | K1: Хирмон тепа | L1: Хонтўпи | M1: Шараф | N1: Шарқ | O1: Шарқ тонги | P1: Шухрат | Q1: 1-Чарх Камолон | R1: 2-Чарх Камолон | S1: 3-Чарх Камолон | T1: Бешёғоч | U1: Катта Козиробод | V1: Катта Олмазор | W1: Катта Чилонзор-1 | X1: Катта Чилонзор-2 | Y1: Катта Чилонзор-3 | Z1: Қозиробод | AA1: Новза | AB1: Чилонзор | AC1: 1-Қатортол | AD1: Бешчинор | AE1: Боғзор | AF1: Диёр | AG1: Дилобод | AH1: Катта Навбаҳор | AI1: Кўркам | AJ1: Кўтарма | AK1: Қатортол | AL1: Лутфий | AM1: Навбахор | AN1: Нафосат | AO1: Оқ-тепа | AP1: Халқлар Дўстлиги | AQ1: Чўпон-ота | AR1: 2-Қатортол | AS1: Ботирма | AT1: Бўрижар | AU1: Гавхар | AV1: Дўмбиробод | AW1: Зарқўрғон | AX1: Катта Дўмбиробод | AY1: Кичик Хирмонтепа | AZ1: Мевазор | BA1: Мехржон | BB1: Наққошлик | BC1: Фидокор | BD1: Яккабоғ | BE1: Яккатут | BF1: Бешқўрғон
A2: 1. | B2: Савдо ва маиший хизмат кўрсатиш объектларини техник қўриқловга олиш | C2: =+SUM(D2:BF2) -> 3 | D2: =+SUM(D3:D7) -> 0 | E2: =+SUM(E3:E7) -> 0 | F2: =+SUM(F3:F7) -> 0 | G2: =+SUM(G3:G7) -> 0 | H2: =+SUM(H3:H7) -> 0 | I2: =+SUM(I3:I7) -> 0 | J2: =+SUM(J3:J7) -> 0 | K2: =+SUM(K3:K7) -> 0 | ... BF2: =+SUM(BF3:BF7) -> 0
A3: шундан | B3: савдо дўконлари | C3: =+SUM(D3:BF3) -> 1 | BB3: 1
B4: спиртли ичимликлар дўконлари | C4: =+SUM(D4:BF4) -> 0
B5: умумий овқатланиш жойлари | C5: =+SUM(D5:BF5) -> 0
B6: компьютер-плейстейшн | C6: =+SUM(D6:BF6) -> 1 | AF6: 1
B7: бошқа турдаги объектлар | C7: =+SUM(D7:BF7) -> 1 | BA7: 1
A8: 2. | B8: Кўп қаватли ва якка тартибдаги хонадонларни техник қўриқловга олиш | C8: =+SUM(D8:BF8) -> 6 | F8: 1 | M8: 1 | W8: 1 | AB8: 1 | AH8: 1 | AS8: 1
A9: 3. | B9: Кўп қаватли уйларнинг кириш йўлаклари олдига ташвиш тугмаларини ўрнатиш | C9: =+SUM(D9:BF9) -> 5 | W9: 5
A10: 4. | B10: Кун давомида келиб тушган "ташвиш хабарлари" | C10: =+SUM(D10:BF10) -> 35 | D10: 3 | E10: 2 | H10: 1 | O10: 1 | T10: 1 | W10: 2 | X10: 1 | Y10: 2 | Z10: 1 | AB10: 2 | AG10: 2 | AJ10: 3 | AK10: 1 | AL10: 1 | AM10: 1 | AO10: 1 | AS10: 1 | AW10: 3 | AZ10: 1 | BC10: 2 | BF10: 3
A11: 4.1. | B11: Чақирувга асосан ҳодиса жойига етиб борган тезкор ҳаракатланувчи гуруҳ | C11: =+SUM(D11:BF11) -> 35 | D11: 3 | E11: 2 | H11: 1 | O11: 1 | T11: 1 | W11: 2 | X11: 1 | Y11: 2 | Z11: 1 | AB11: 2 | AG11: 2 | AJ11: 3 | AK11: 1 | AL11: 1 | AM11: 1 | AO11: 1 | AS11: 1 | AW11: 3 | AZ11: 1 | BC11: 2 | BF11: 3
A12: 5. | B12: тезкор ҳаракатланувчи гуруҳлар томонидан аниқланган жиноятлар | C12: =+SUM(D12:BF12) -> 0
A13: 6. | B13: тезкор ҳаракатланувчи гуруҳлар томонидан ушланган қидирувдаги шахслар | C13: =+SUM(D13:BF13) -> 0
A14: 7. | B14: Қўриқлаш хизмати афзалликлари бўйича тарғибот учрашувлари ўтказиш | C14: =+SUM(D14:BF14) -> 36 | L14: 2 | M14: 2 | U14: 1 | Z14: 2 | AC14: 4 | AD14: 3 | AF14: 2 | AG14: 4 | AH14: 5 | AX14: 3 | BB14: 3 | BE14: 2 | BF14: 3
A15: 8. | B15: “Объект қўриқловда!” ва “Хонадон қўриқловда!” стикерларини жойлаштириш | C15: =+SUM(D15:BF15) -> 18 | E15: 2 | I15: 3 | O15: 4 | X15: 3 | AP15: 2 | BC15: 1 | BE15: 3
A16: 9. | B16: Объектларни жисмоний қўриқловга олиш | C16: =+SUM(D16:BF16) -> 0
A17: шундан | B17: шаҳодатланган таркиб | C17: =+SUM(D17:BF17) -> 0
B18: ҳарбийлаштирилган соқчи | C18: =+SUM(D18:BF18) -> 0
B19: қоровуллик | C19: =+SUM(D19:BF19) -> 0

Sheet 01.24
A1: № | B1: Кўрсаткич | C1: жами | D1: Ал-Хоразмий | E1: Бахористон | F1: Бектўпи | G1: Гулистон | H1: Катта Хирмонтепа | I1: Тирсакобод | J1: Хайрабод | K1: Хирмон тепа | L1: Хонтўпи | M1: Шараф | N1: Шарқ | O1: Шарқ тонги | P1: Шухрат | Q1: 1-Чарх Камолон | R1: 2-Чарх Камолон | S1: 3-Чарх Камолон | T1: Бешёғоч | U1: Катта Козиробод | V1: Катта Олмазор | W1: Катта Чилонзор-1 | X1: Катта Чилонзор-2 | Y1: Катта Чилонзор-3 | Z1: Қозиробод | AA1: Новза | AB1: Чилонзор | AC1: 1-Қатортол | AD1: Бешчинор | AE1: Боғзор | AF1: Диёр | AG1: Дилобод | AH1: Катта Навбаҳор | AI1: Кўркам | AJ1: Кўтарма | AK1: Қатортол | AL1: Лутфий | AM1: Навбахор | AN1: Нафосат | AO1: Оқ-тепа | AP1: Халқлар Дўстлиги | AQ1: Чўпон-ота | AR1: 2-Қатортол | AS1: Ботирма | AT1: Бўрижар | AU1: Гавхар | AV1: Дўмбиробод | AW1: Зарқўрғон | AX1: Катта Дўмбиробод | AY1: Кичик Хирмонтепа | AZ1: Мевазор | BA1: Мехржон | BB1: Наққошлик | BC1: Фидокор | BD1: Яккабоғ | BE1: Яккатут | BF1: Бешқўрғон
A2: 1. | B2: Савдо ва маиший хизмат кўрсатиш объектларини техник қўриқловга олиш | C2: =+SUM(D2:BF2) -> 2 | D2: =+SUM(D3:D7) -> 0 | E2: =+SUM(E3:E7) -> 0 | F2: =+SUM(F3:F7) -> 0 | G2: =+SUM(G3:G7) -> 1 | H2: =+SUM(H3:H7) -> 0 | I2: =+SUM(I3:I7) -> 0 | J2: =+SUM(J3:J7) -> 0 | K2: =+SUM(K3:K7) -> 0 | ... BF2: =+SUM(BF3:BF7) -> 0
A3: шундан | B3: савдо дўконлари | C3: =+SUM(D3:BF3) -> 1 | G3: 1
B4: спиртли ичимликлар дўконлари | C4: =+SUM(D4:BF4) -> 0
B5: умумий овқатланиш жойлари | C5: =+SUM(D5:BF5) -> 0
B6: компьютер-плейстейшн | C6: =+SUM(D6:BF6) -> 0
B7: бошқа турдаги объектлар | C7: =+SUM(D7:BF7) -> 1 | AL7: 1
A8: 2. | B8: Кўп қаватли ва якка тартибдаги хонадонларни техник қўриқловга олиш | C8: =+SUM(D8:BF8) -> 12 | G8: 2 | O8: 1 | Z8: 1 | AA8: 2 | AK8: 1 | AP8: 1 | AW8: 3 | BF8: 1
A9: 3. | B9: Кўп қаватли уйларнинг кириш йўлаклари олдига ташвиш тугмаларини ўрнатиш | C9: =+SUM(D9:BF9) -> 8 | W9: 8
A10: 4. | B10: Кун давомида келиб тушган "ташвиш хабарлари" | C10: =+SUM(D10:BF10) -> 20 | D10: 1 | E10: 2 | H10: 1 | I10: 1 | T10: 1 | V10: 1 | AA10: 1 | AG10: 2 | AJ10: 2 | AK10: 1 | AO10: 1 | AQ10: 1 | AU10: 1 | AZ10: 2 | BA10: 1 | BF10: 1
A11: 4.1. | B11: Чақирувга асосан ҳодиса жойига етиб борган тезкор ҳаракатланувчи гуруҳ | C11: =+SUM(D11:BF11) -> 20 | D11: 1 | E11: 2 | H11: 1 | I11: 1 | T11: 1 | V11: 1 | AA11: 1 | AG11: 2 | AJ11: 2 | AK11: 1 | AO11: 1 | AQ11: 1 | AU11: 1 | AZ11: 2 | BA11: 1 | BF11: 1
A12: 5. | B12: тезкор ҳаракатланувчи гуруҳлар томонидан аниқланган жиноятлар | C12: =+SUM(D12:BF12) -> 0
A13: 6. | B13: тезкор ҳаракатланувчи гуруҳлар томонидан ушланган қидирувдаги шахслар | C13: =+SUM(D13:BF13) -> 0
A14: 7. | B14: Қўриқлаш хизмати афзалликлари бўйича тарғибот учрашувлари ўтказиш | C14: =+SUM(D14:BF14) -> 67 | F14: 5 | L14: 3 | O14: 4 | AI14: 5 | AJ14: 3 | AL14: 6 | AP14: 5 | AT14: 4 | AU14: 2 | AW14: 4 | AZ14: 5 | BA14: 5 | BC14: 5 | BD14: 5 | BE14: 4 | BF14: 2
A15: 8. | B15: “Объект қўриқловда!” ва “Хонадон қўриқловда!” стикерларини жойлаштириш | C15: =+SUM(D15:BF15) -> 36 | E15: 2 | H15: 2 | L15: 1 | T15: 2 | Y15: 2 | AD15: 1 | AM15: 3 | AQ15: 2 | AS15: 1 | AT15: 2 | AU15: 2 | AX15: 2 | AY15: 2 | BA15: 3 | BB15: 3 | BC15: 3 | BE15: 2 | BF15: 1
A16: 9. | B16: Объектларни жисмоний қўриқловга олиш | C16: =+SUM(D16:BF16) -> 0
A17: шундан | B17: шаҳодатланган таркиб | C17: =+SUM(D17:BF17) -> 0
B18: ҳарбийлаштирилган соқчи | C18: =+SUM(D18:BF18) -> 0
B19: қоровуллик | C19: =+SUM(D19:BF19) -> 0

Sheet 01.25
A1: № | B1: Кўрсаткич | C1: жами | D1: Ал-Хоразмий | E1: Бахористон | F1: Бектўпи | G1: Гулистон | H1: Катта Хирмонтепа | I1: Тирсакобод | J1: Хайрабод | K1: Хирмон тепа | L1: Хонтўпи | M1: Шараф | N1: Шарқ | O1: Шарқ тонги | P1: Шухрат | Q1: 1-Чарх Камолон | R1: 2-Чарх Камолон | S1: 3-Чарх Камолон | T1: Бешёғоч | U1: Катта Козиробод | V1: Катта Олмазор | W1: Катта Чилонзор-1 | X1: Катта Чилонзор-2 | Y1: Катта Чилонзор-3 | Z1: Қозиробод | AA1: Новза | AB1: Чилонзор | AC1: 1-Қатортол | AD1: Бешчинор | AE1: Боғзор | AF1: Диёр | AG1: Дилобод | AH1: Катта Навбаҳор | AI1: Кўркам | AJ1: Кўтарма | AK1: Қатортол | AL1: Лутфий | AM1: Навбахор | AN1: Нафосат | AO1: Оқ-тепа | AP1: Халқлар Дўстлиги | AQ1: Чўпон-ота | AR1: 2-Қатортол | AS1: Ботирма | AT1: Бўрижар | AU1: Гавхар | AV1: Дўмбиробод | AW1: Зарқўрғон | AX1: Катта Дўмбиробод | AY1: Кичик Хирмонтепа | AZ1: Мевазор | BA1: Мехржон | BB1: Наққошлик | BC1: Фидокор | BD1: Яккабоғ | BE1: Яккатут | BF1: Бешқўрғон
A2: 1. | B2: Савдо ва маиший хизмат кўрсатиш объектларини техник қўриқловга олиш | C2: =+SUM(D2:BF2) -> 3 | D2: =+SUM(D3:D7) -> 0 | E2: =+SUM(E3:E7) -> 0 | F2: =+SUM(F3:F7) -> 3 | G2: =+SUM(G3:G7) -> 0 | H2: =+SUM(H3:H7) -> 0 | I2: =+SUM(I3:I7) -> 0 | J2: =+SUM(J3:J7) -> 0 | K2: =+SUM(K3:K7) -> 0 | ... BF2: =+SUM(BF3:BF7) -> 0
A3: шундан | B3: савдо дўконлари | C3: =+SUM(D3:BF3) -> 0
B4: спиртли ичимликлар дўконлари | C4: =+SUM(D4:BF4) -> 0
B5: умумий овқатланиш жойлари | C5: =+SUM(D5:BF5) -> 1 | F5: 1
B6: компьютер-плейстейшн | C6: =+SUM(D6:BF6) -> 0
B7: бошқа турдаги объектлар | C7: =+SUM(D7:BF7) -> 2 | F7: 2
A8: 2. | B8: Кўп қаватли ва якка тартибдаги хонадонларни техник қўриқловга олиш | C8: =+SUM(D8:BF8) -> 7 | G8: 1 | AL8: 1 | AM8: 1 | AS8: 2 | AW8: 2
A9: 3. | B9: Кўп қаватли уйларнинг кириш йўлаклари олдига ташвиш тугмаларини ўрнатиш | C9: =+SUM(D9:BF9) -> 0
A10: 4. | B10: Кун давомида келиб тушган "ташвиш хабарлари" | C10: =+SUM(D10:BF10) -> 35 | D10: 1 | I10: 2 | U10: 1 | X10: 2 | Z10: 4 | AB10: 1 | AG10: 1 | AJ10: 4 | AK10: 2 | AL10: 1 | AM10: 2 | AP10: 1 | AQ10: 2 | AS10: 3 | AW10: 2 | AZ10: 2 | BB10: 1 | BF10: 3
A11: 4.1. | B11: Чақирувга асосан ҳодиса жойига етиб борган тезкор ҳаракатланувчи гуруҳ | C11: =+SUM(D11:BF11) -> 35 | D11: 1 | I11: 2 | U11: 1 | X11: 2 | Z11: 4 | AB11: 1 | AG11: 1 | AJ11: 4 | AK11: 2 | AL11: 1 | AM11: 2 | AP11: 1 | AQ11: 2 | AS11: 3 | AW11: 2 | AZ11: 2 | BB11: 1 | BF11: 3
A12: 5. | B12: тезкор ҳаракатланувчи гуруҳлар томонидан аниқланган жиноятлар | C12: =+SUM(D12:BF12) -> 0
A13: 6. | B13: тезкор ҳаракатланувчи гуруҳлар томонидан ушланган қидирувдаги шахслар | C13: =+SUM(D13:BF13) -> 0
A14: 7. | B14: Қўриқлаш хизмати афзалликлари бўйича тарғибот учрашувлари ўтказиш | C14: =+SUM(D14:BF14) -> 68 | E14: 2 | G14: 3 | H14: 3 | I14: 2 | K14: 2 | M14: 3 | Q14: 3 | R14: 2 | S14: 2 | V14: 1 | W14: 1 | Z14: 2 | AA14: 2 | AD14: 1 | AF14: 2 | AH14: 3 | AJ14: 4 | AK14: 3 | AM14: 3 | AN14: 3 | AO14: 5 | AR14: 2 | AU14: 2 | AV14: 1 | AX14: 3 | AY14: 1 | BB14: 3 | BD14: 2 | BE14: 1 | BF14: 1
A15: 8. | B15: “Объект қўриқловда!” ва “Хонадон қўриқловда!” стикерларини жойлаштириш | C15: =+SUM(D15:BF15) -> 51 | G15: 2 | H15: 3 | L15: 2 | N15: 2 | W15: 3 | X15: 3 | Y15: 2 | AC15: 3 | AD15: 3 | AG15: 3 | AJ15: 3 | AL15: 2 | AM15: 2 | AN15: 1 | AO15: 1 | AP15: 2 | AQ15: 4 | AR15: 3 | AS15: 2 | AW15: 1 | AX15: 1 | AZ15: 1 | BA15: 1 | BF15: 1
A16: 9. | B16: Объектларни жисмоний қўриқловга олиш | C16: =+SUM(D16:BF16) -> 0
A17: шундан | B17: шаҳодатланган таркиб | C17: =+SUM(D17:BF17) -> 0
B18: ҳарбийлаштирилган соқчи | C18: =+SUM(D18:BF18) -> 0
B19: қоровуллик | C19: =+SUM(D19:BF19) -> 0

Sheet 01.26
A1: № | B1: Кўрсаткич | C1: жами | D1: Ал-Хоразмий | E1: Бахористон | F1: Бектўпи | G1: Гулистон | H1: Катта Хирмонтепа | I1: Тирсакобод | J1: Хайрабод | K1: Хирмон тепа | L1: Хонтўпи | M1: Шараф | N1: Шарқ | O1: Шарқ тонги | P1: Шухрат | Q1: 1-Чарх Камолон | R1: 2-Чарх Камолон | S1: 3-Чарх Камолон | T1: Бешёғоч | U1: Катта Козиробод | V1: Катта Олмазор | W1: Катта Чилонзор-1 | X1: Катта Чилонзор-2 | Y1: Катта Чилонзор-3 | Z1: Қозиробод | AA1: Новза | AB1: Чилонзор | AC1: 1-Қатортол | AD1: Бешчинор | AE1: Боғзор | AF1: Диёр | AG1: Дилобод | AH1: Катта Навбаҳор | AI1: Кўркам | AJ1: Кўтарма | AK1: Қатортол | AL1: Лутфий | AM1: Навбахор | AN1: Нафосат | AO1: Оқ-тепа | AP1: Халқлар Дўстлиги | AQ1: Чўпон-ота | AR1: 2-Қатортол | AS1: Ботирма | AT1: Бўрижар | AU1: Гавхар | AV1: Дўмбиробод | AW1: Зарқўрғон | AX1: Катта Дўмбиробод | AY1: Кичик Хирмонтепа | AZ1: Мевазор | BA1: Мехржон | BB1: Наққошлик | BC1: Фидокор | BD1: Яккабоғ | BE1: Яккатут | BF1: Бешқўрғон
A2: 1. | B2: Савдо ва маиший хизмат кўрсатиш объектларини техник қўриқловга олиш | C2: =+SUM(D2:BF2) -> 0 | D2: =+SUM(D3:D7) -> 0 | E2: =+SUM(E3:E7) -> 0 | F2: =+SUM(F3:F7) -> 0 | G2: =+SUM(G3:G7) -> 0 | H2: =+SUM(H3:H7) -> 0 | I2: =+SUM(I3:I7) -> 0 | J2: =+SUM(J3:J7) -> 0 | K2: =+SUM(K3:K7) -> 0 | ... BF2: =+SUM(BF3:BF7) -> 0
A3: шундан | B3: савдо дўконлари | C3: =+SUM(D3:BF3) -> 0
B4: спиртли ичимликлар дўконлари | C4: =+SUM(D4:BF4) -> 0
B5: умумий овқатланиш жойлари | C5: =+SUM(D5:BF5) -> 0
B6: компьютер-плейстейшн | C6: =+SUM(D6:BF6) -> 0
B7: бошқа турдаги объектлар | C7: =+SUM(D7:BF7) -> 0
A8: 2. | B8: Кўп қаватли ва якка тартибдаги хонадонларни техник қўриқловга олиш | C8: =+SUM(D8:BF8) -> 10 | AE8: 3 | AS8: 1 | AW8: 2 | AY8: 2 | AZ8: 1 | BF8: 1
A9: 3. | B9: Кўп қаватли уйларнинг кириш йўлаклари олдига ташвиш тугмаларини ўрнатиш | C9: =+SUM(D9:BF9) -> 0
A10: 4. | B10: Кун давомида келиб тушган "ташвиш хабарлари" | C10: =+SUM(D10:BF10) -> 11 | I10: 1 | Y10: 1 | AB10: 1 | AH10: 1 | AI10: 3 | AQ10: 2 | AS10: 1 | AZ10: 1
A11: 4.1. | B11: Чақирувга асосан ҳодиса жойига етиб борган тезкор ҳаракатланувчи гуруҳ | C11: =+SUM(D11:BF11) -> 11 | I11: 1 | Y11: 1 | AB11: 1 | AH11: 1 | AI11: 3 | AQ11: 2 | AS11: 1 | AZ11: 1
A12: 5. | B12: тезкор ҳаракатланувчи гуруҳлар томонидан аниқланган жиноятлар | C12: =+SUM(D12:BF12) -> 0
A13: 6. | B13: тезкор ҳаракатланувчи гуруҳлар томонидан ушланган қидирувдаги шахслар | C13: =+SUM(D13:BF13) -> 0
A14: 7. | B14: Қўриқлаш хизмати афзалликлари бўйича тарғибот учрашувлари ўтказиш | C14: =+SUM(D14:BF14) -> 49 | E14: 3 | H14: 3 | Q14: 4 | S14: 3 | W14: 5 | AC14: 3 | AF14: 1 | AG14: 1 | AK14: 3 | AM14: 3 | AQ14: 3 | AR14: 3 | AT14: 1 | AV14: 4 | AX14: 2 | BB14: 1 | BC14: 3 | BF14: 3
A15: 8. | B15: “Объект қўриқловда!” ва “Хонадон қўриқловда!” стикерларини жойлаштириш | C15: =+SUM(D15:BF15) -> 28 | I15: 1 | K15: 2 | S15: 2 | T15: 1 | AA15: 3 | AE15: 2 | AF15: 1 | AH15: 3 | AI15: 2 | AN15: 1 | AO15: 3 | AT15: 2 | AY15: 3 | BC15: 1 | BD15: 1
A16: 9. | B16: Объектларни жисмоний қўриқловга олиш | C16: =+SUM(D16:BF16) -> 0
A17: шундан | B17: шаҳодатланган таркиб | C17: =+SUM(D17:BF17) -> 0
B18: ҳарбийлаштирилган соқчи | C18: =+SUM(D18:BF18) -> 0
B19: қоровуллик | C19: =+SUM(D19:BF19) -> 0

Sheet 01.27
A1: № | B1: Кўрсаткич | C1: жами | D1: Ал-Хоразмий | E1: Бахористон | F1: Бектўпи | G1: Гулистон | H1: Катта Хирмонтепа | I1: Тирсакобод | J1: Хайрабод | K1: Хирмон тепа | L1: Хонтўпи | M1: Шараф | N1: Шарқ | O1: Шарқ тонги | P1: Шухрат | Q1: 1-Чарх Камолон | R1: 2-Чарх Камолон | S1: 3-Чарх Камолон | T1: Бешёғоч | U1: Катта Козиробод | V1: Катта Олмазор | W1: Катта Чилонзор-1 | X1: Катта Чилонзор-2 | Y1: Катта Чилонзор-3 | Z1: Қозиробод | AA1: Новза | AB1: Чилонзор | AC1: 1-Қатортол | AD1: Бешчинор | AE1: Боғзор | AF1: Диёр | AG1: Дилобод | AH1: Катта Навбаҳор | AI1: Кўркам | AJ1: Кўтарма | AK1: Қатортол | AL1: Лутфий | AM1: Навбахор | AN1: Нафосат | AO1: Оқ-тепа | AP1: Халқлар Дўстлиги | AQ1: Чўпон-ота | AR1: 2-Қатортол | AS1: Ботирма | AT1: Бўрижар | AU1: Гавхар | AV1: Дўмбиробод | AW1: Зарқўрғон | AX1: Катта Дўмбиробод | AY1: Кичик Хирмонтепа | AZ1: Мевазор | BA1: Мехржон | BB1: Наққошлик | BC1: Фидокор | BD1: Яккабоғ | BE1: Яккатут | BF1: Бешқўрғон
A2: 1. | B2: Савдо ва маиший хизмат кўрсатиш объектларини техник қўриқловга олиш | C2: =+SUM(D2:BF2) -> 3 | D2: =+SUM(D3:D7) -> 0 | E2: =+SUM(E3:E7) -> 0 | F2: =+SUM(F3:F7) -> 1 | G2: =+SUM(G3:G7) -> 0 | H2: =+SUM(H3:H7) -> 0 | I2: =+SUM(I3:I7) -> 0 | J2: =+SUM(J3:J7) -> 0 | K2: =+SUM(K3:K7) -> 0 | ... BF2: =+SUM(BF3:BF7) -> 0
A3: шундан | B3: савдо дўконлари | C3: =+SUM(D3:BF3) -> 0
B4: спиртли ичимликлар дўконлари | C4: =+SUM(D4:BF4) -> 1 | AH4: 1
B5: умумий овқатланиш жойлари | C5: =+SUM(D5:BF5) -> 1 | N5: 1
B6: компьютер-плейстейшн | C6: =+SUM(D6:BF6) -> 0
B7: бошқа турдаги объектлар | C7: =+SUM(D7:BF7) -> 1 | F7: 1
A8: 2. | B8: Кўп қаватли ва якка тартибдаги хонадонларни техник қўриқловга олиш | C8: =+SUM(D8:BF8) -> 13 | F8: 2 | Q8: 1 | AJ8: 1 | AL8: 2 | AS8: 2 | AT8: 3 | AY8: 2
A9: 3. | B9: Кўп қаватли уйларнинг кириш йўлаклари олдига ташвиш тугмаларини ўрнатиш | C9: =+SUM(D9:BF9) -> 9 | W9: 9
A10: 4. | B10: Кун давомида келиб тушган "ташвиш хабарлари" | C10: =+SUM(D10:BF10) -> 21 | I10: 2 | U10: 1 | Z10: 3 | AB10: 1 | AJ10: 3 | AK10: 1 | AQ10: 1 | AS10: 3 | AV10: 1 | AW10: 1 | BB10: 1 | BD10: 1 | BF10: 2
A11: 4.1. | B11: Чақирувга асосан ҳодиса жойига етиб борган тезкор ҳаракатланувчи гуруҳ | C11: =+SUM(D11:BF11) -> 21 | I11: 2 | U11: 1 | Z11: 3 | AB11: 1 | AJ11: 3 | AK11: 1 | AQ11: 1 | AS11: 3 | AV11: 1 | AW11: 1 | BB11: 1 | BD11: 1 | BF11: 2
A12: 5. | B12: тезкор ҳаракатланувчи гуруҳлар томонидан аниқланган жиноятлар | C12: =+SUM(D12:BF12) -> 0
A13: 6. | B13: тезкор ҳаракатланувчи гуруҳлар томонидан ушланган қидирувдаги шахслар | C13: =+SUM(D13:BF13) -> 0
A14: 7. | B14: Қўриқлаш хизмати афзалликлари бўйича тарғибот учрашувлари ўтказиш | C14: =+SUM(D14:BF14) -> 61 | J14: 5 | K14: 5 | L14: 4 | O14: 5 | Q14: 5 | U14: 4 | X14: 5 | Z14: 5 | AD14: 5 | AN14: 5 | AP14: 4 | AS14: 4 | AY14: 1 | BA14: 4
A15: 8. | B15: “Объект қўриқловда!” ва “Хонадон қўриқловда!” стикерларини жойлаштириш | C15: =+SUM(D15:BF15) -> 37 | E15: 2 | H15: 2 | L15: 2 | M15: 1 | O15: 2 | Q15: 2 | T15: 2 | V15: 2 | Z15: 2 | AB15: 3 | AF15: 2 | AG15: 2 | AI15: 2 | AJ15: 2 | AN15: 3 | AP15: 2 | AX15: 1 | AZ15: 1 | BB15: 1 | BD15: 1
A16: 9. | B16: Объектларни жисмоний қўриқловга олиш | C16: =+SUM(D16:BF16) -> 0
A17: шундан | B17: шаҳодатланган таркиб | C17: =+SUM(D17:BF17) -> 0
B18: ҳарбийлаштирилган соқчи | C18: =+SUM(D18:BF18) -> 0
B19: қоровуллик | C19: =+SUM(D19:BF19) -> 0

Sheet 01.28
A1: № | B1: Кўрсаткич | C1: жами | D1: Ал-Хоразмий | E1: Бахористон | F1: Бектўпи | G1: Гулистон | H1: Катта Хирмонтепа | I1: Тирсакобод | J1: Хайрабод | K1: Хирмон тепа | L1: Хонтўпи | M1: Шараф | N1: Шарқ | O1: Шарқ тонги | P1: Шухрат | Q1: 1-Чарх Камолон | R1: 2-Чарх Камолон | S1: 3-Чарх Камолон | T1: Бешёғоч | U1: Катта Козиробод | V1: Катта Олмазор | W1: Катта Чилонзор-1 | X1: Катта Чилонзор-2 | Y1: Катта Чилонзор-3 | Z1: Қозиробод | AA1: Новза | AB1: Чилонзор | AC1: 1-Қатортол | AD1: Бешчинор | AE1: Боғзор | AF1: Диёр | AG1: Дилобод | AH1: Катта Навбаҳор | AI1: Кўркам | AJ1: Кўтарма | AK1: Қатортол | AL1: Лутфий | AM1: Навбахор | AN1: Нафосат | AO1: Оқ-тепа | AP1: Халқлар Дўстлиги | AQ1: Чўпон-ота | AR1: 2-Қатортол | AS1: Ботирма | AT1: Бўрижар | AU1: Гавхар | AV1: Дўмбиробод | AW1: Зарқўрғон | AX1: Катта Дўмбиробод | AY1: Кичик Хирмонтепа | AZ1: Мевазор | BA1: Мехржон | BB1: Наққошлик | BC1: Фидокор | BD1: Яккабоғ | BE1: Яккатут | BF1: Бешқўрғон
A2: 1. | B2: Савдо ва маиший хизмат кўрсатиш объектларини техник қўриқловга олиш | C2: =+SUM(D2:BF2) -> 0 | D2: =+SUM(D3:D7) -> 0 | E2: =+SUM(E3:E7) -> 0 | F2: =+SUM(F3:F7) -> 0 | G2: =+SUM(G3:G7) -> 0 | H2: =+SUM(H3:H7) -> 0 | I2: =+SUM(I3:I7) -> 0 | J2: =+SUM(J3:J7) -> 0 | K2: =+SUM(K3:K7) -> 0 | ... BF2: =+SUM(BF3:BF7) -> 0
A3: шундан | B3: савдо дўконлари | C3: =+SUM(D3:BF3) -> 0
B4: спиртли ичимликлар дўконлари | C4: =+SUM(D4:BF4) -> 0
B5: умумий овқатланиш жойлари | C5: =+SUM(D5:BF5) -> 0
B6: компьютер-плейстейшн | C6: =+SUM(D6:BF6) -> 0
B7: бошқа турдаги объектлар | C7: =+SUM(D7:BF7) -> 0
A8: 2. | B8: Кўп қаватли ва якка тартибдаги хонадонларни техник қўриқловга олиш | C8: =+SUM(D8:BF8) -> 0
A9: 3. | B9: Кўп қаватли уйларнинг кириш йўлаклари олдига ташвиш тугмаларини ўрнатиш | C9: =+SUM(D9:BF9) -> 0
A10: 4. | B10: Кун давомида келиб тушган "ташвиш хабарлари" | C10: =+SUM(D10:BF10) -> 24 | I10: 1 | W10: 1 | Z10: 4 | AB10: 1 | AD10: 1 | AJ10: 3 | AL10: 1 | AQ10: 1 | AS10: 3 | AU10: 1 | BB10: 1 | BD10: 1 | BE10: 1 | BF10: 4
A11: 4.1. | B11: Чақирувга асосан ҳодиса жойига етиб борган тезкор ҳаракатланувчи гуруҳ | C11: =+SUM(D11:BF11) -> 24 | I11: 1 | W11: 1 | Z11: 4 | AB11: 1 | AD11: 1 | AJ11: 3 | AL11: 1 | AQ11: 1 | AS11: 3 | AU11: 1 | BB11: 1 | BD11: 1 | BE11: 1 | BF11: 4
A12: 5. | B12: тезкор ҳаракатланувчи гуруҳлар томонидан аниқланган жиноятлар | C12: =+SUM(D12:BF12) -> 0
A13: 6. | B13: тезкор ҳаракатланувчи гуруҳлар томонидан ушланган қидирувдаги шахслар | C13: =+SUM(D13:BF13) -> 0
A14: 7. | B14: Қўриқлаш хизмати афзалликлари бўйича тарғибот учрашувлари ўтказиш | C14: =+SUM(D14:BF14) -> 29 | I14: 4 | R14: 5 | AA14: 4 | AG14: 4 | AQ14: 5 | AU14: 2 | AZ14: 5
A15: 8. | B15: “Объект қўриқловда!” ва “Хонадон қўриқловда!” стикерларини жойлаштириш | C15: =+SUM(D15:BF15) -> 21 | P15: 2 | U15: 2 | AI15: 4 | AV15: 5 | AW15: 3 | BC15: 5
A16: 9. | B16: Объектларни жисмоний қўриқловга олиш | C16: =+SUM(D16:BF16) -> 0
A17: шундан | B17: шаҳодатланган таркиб | C17: =+SUM(D17:BF17) -> 0
B18: ҳарбийлаштирилган соқчи | C18: =+SUM(D18:BF18) -> 0
B19: қоровуллик | C19: =+SUM(D19:BF19) -> 0

Sheet 01.29
A1: № | B1: Кўрсаткич | C1: жами | D1: Ал-Хоразмий | E1: Бахористон | F1: Бектўпи | G1: Гулистон | H1: Катта Хирмонтепа | I1: Тирсакобод | J1: Хайрабод | K1: Хирмон тепа | L1: Хонтўпи | M1: Шараф | N1: Шарқ | O1: Шарқ тонги | P1: Шухрат | Q1: 1-Чарх Камолон | R1: 2-Чарх Камолон | S1: 3-Чарх Камолон | T1: Бешёғоч | U1: Катта Козиробод | V1: Катта Олмазор | W1: Катта Чилонзор-1 | X1: Катта Чилонзор-2 | Y1: Катта Чилонзор-3 | Z1: Қозиробод | AA1: Новза | AB1: Чилонзор | AC1: 1-Қатортол | AD1: Бешчинор | AE1: Боғзор | AF1: Диёр | AG1: Дилобод | AH1: Катта Навбаҳор | AI1: Кўркам | AJ1: Кўтарма | AK1: Қатортол | AL1: Лутфий | AM1: Навбахор | AN1: Нафосат | AO1: Оқ-тепа | AP1: Халқлар Дўстлиги | AQ1: Чўпон-ота | AR1: 2-Қатортол | AS1: Ботирма | AT1: Бўрижар | AU1: Гавхар | AV1: Дўмбиробод | AW1: Зарқўрғон | AX1: Катта Дўмбиробод | AY1: Кичик Хирмонтепа | AZ1: Мевазор | BA1: Мехржон | BB1: Наққошлик | BC1: Фидокор | BD1: Яккабоғ | BE1: Яккатут | BF1: Бешқўрғон
A2: 1. | B2: Савдо ва маиший хизмат кўрсатиш объектларини техник қўриқловга олиш | C2: =+SUM(D2:BF2) -> 0 | D2: =+SUM(D3:D7) -> 0 | E2: =+SUM(E3:E7) -> 0 | F2: =+SUM(F3:F7) -> 0 | G2: =+SUM(G3:G7) -> 0 | H2: =+SUM(H3:H7) -> 0 | I2: =+SUM(I3:I7) -> 0 | J2: =+SUM(J3:J7) -> 0 | K2: =+SUM(K3:K7) -> 0 | ... BF2: =+SUM(BF3:BF7) -> 0
A3: шундан | B3: савдо дўконлари | C3: =+SUM(D3:BF3) -> 0
B4: спиртли ичимликлар дўконлари | C4: =+SUM(D4:BF4) -> 0
B5: умумий овқатланиш жойлари | C5: =+SUM(D5:BF5) -> 0
B6: компьютер-плейстейшн | C6: =+SUM(D6:BF6) -> 0
B7: бошқа турдаги объектлар | C7: =+SUM(D7:BF7) -> 0
A8: 2. | B8: Кўп қаватли ва якка тартибдаги хонадонларни техник қўриқловга олиш | C8: =+SUM(D8:BF8) -> 5 | AO8: 2 | AT8: 1 | AU8: 1 | AW8: 1
A9: 3. | B9: Кўп қаватли уйларнинг кириш йўлаклари олдига ташвиш тугмаларини ўрнатиш | C9: =+SUM(D9:BF9) -> 14 | W9: 14
A10: 4. | B10: Кун давомида келиб тушган "ташвиш хабарлари" | C10: =+SUM(D10:BF10) -> 23 | Z10: 4 | AB10: 1 | AJ10: 5 | AL10: 1 | AM10: 2 | AQ10: 1 | AS10: 3 | AU10: 1 | BB10: 1 | BD10: 1 | BE10: 1 | BF10: 2
A11: 4.1. | B11: Чақирувга асосан ҳодиса жойига етиб борган тезкор ҳаракатланувчи гуруҳ | C11: =+SUM(D11:BF11) -> 23 | Z11: 4 | AB11: 1 | AJ11: 5 | AL11: 1 | AM11: 2 | AQ11: 1 | AS11: 3 | AU11: 1 | BB11: 1 | BD11: 1 | BE11: 1 | BF11: 2
A12: 5. | B12: тезкор ҳаракатланувчи гуруҳлар томонидан аниқланган жиноятлар | C12: =+SUM(D12:BF12) -> 0
A13: 6. | B13: тезкор ҳаракатланувчи гуруҳлар томонидан ушланган қидирувдаги шахслар | C13: =+SUM(D13:BF13) -> 0
A14: 7. | B14: Қўриқлаш хизмати афзалликлари бўйича тарғибот учрашувлари ўтказиш | C14: =+SUM(D14:BF14) -> 68 | G14: 5 | M14: 5 | T14: 5 | Y14: 4 | AB14: 6 | AI14: 4 | AL14: 7 | AO14: 7 | AU14: 5 | AW14: 6 | AY14: 8 | BB14: 5 | BF14: 1
A15: 8. | B15: “Объект қўриқловда!” ва “Хонадон қўриқловда!” стикерларини жойлаштириш | C15: =+SUM(D15:BF15) -> 28 | I15: 5 | M15: 5 | S15: 5 | AD15: 5 | AH15: 5 | BA15: 3
A16: 9. | B16: Объектларни жисмоний қўриқловга олиш | C16: =+SUM(D16:BF16) -> 0
A17: шундан | B17: шаҳодатланган таркиб | C17: =+SUM(D17:BF17) -> 0
B18: ҳарбийлаштирилган соқчи | C18: =+SUM(D18:BF18) -> 0
B19: қоровуллик | C19: =+SUM(D19:BF19) -> 0

Sheet 01.30
A1: № | B1: Кўрсаткич | C1: жами | D1: Ал-Хоразмий | E1: Бахористон | F1: Бектўпи | G1: Гулистон | H1: Катта Хирмонтепа | I1: Тирсакобод | J1: Хайрабод | K1: Хирмон тепа | L1: Хонтўпи | M1: Шараф | N1: Шарқ | O1: Шарқ тонги | P1: Шухрат | Q1: 1-Чарх Камолон | R1: 2-Чарх Камолон | S1: 3-Чарх Камолон | T1: Бешёғоч | U1: Катта Козиробод | V1: Катта Олмазор | W1: Катта Чилонзор-1 | X1: Катта Чилонзор-2 | Y1: Катта Чилонзор-3 | Z1: Қозиробод | AA1: Новза | AB1: Чилонзор | AC1: 1-Қатортол | AD1: Бешчинор | AE1: Боғзор | AF1: Диёр | AG1: Дилобод | AH1: Катта Навбаҳор | AI1: Кўркам | AJ1: Кўтарма | AK1: Қатортол | AL1: Лутфий | AM1: Навбахор | AN1: Нафосат | AO1: Оқ-тепа | AP1: Халқлар Дўстлиги | AQ1: Чўпон-ота | AR1: 2-Қатортол | AS1: Ботирма | AT1: Бўрижар | AU1: Гавхар | AV1: Дўмбиробод | AW1: Зарқўрғон | AX1: Катта Дўмбиробод | AY1: Кичик Хирмонтепа | AZ1: Мевазор | BA1: Мехржон | BB1: Наққошлик | BC1: Фидокор | BD1: Яккабоғ | BE1: Яккатут | BF1: Бешқўрғон
A2: 1. | B2: Савдо ва маиший хизмат кўрсатиш объектларини техник қўриқловга олиш | C2: =+SUM(D2:BF2) -> 5 | D2: =+SUM(D3:D7) -> 0 | E2: =+SUM(E3:E7) -> 0 | F2: =+SUM(F3:F7) -> 0 | G2: =+SUM(G3:G7) -> 0 | H2: =+SUM(H3:H7) -> 0 | I2: =+SUM(I3:I7) -> 0 | J2: =+SUM(J3:J7) -> 0 | K2: =+SUM(K3:K7) -> 0 | ... BF2: =+SUM(BF3:BF7) -> 1
A3: шундан | B3: савдо дўконлари | C3: =+SUM(D3:BF3) -> 0
B4: спиртли ичимликлар дўконлари | C4: =+SUM(D4:BF4) -> 0
B5: умумий овқатланиш жойлари | C5: =+SUM(D5:BF5) -> 0
B6: компьютер-плейстейшн | C6: =+SUM(D6:BF6) -> 1 | AC6: 1
B7: бошқа турдаги объектлар | C7: =+SUM(D7:BF7) -> 4 | AB7: 2 | AF7: 1 | BF7: 1
A8: 2. | B8: Кўп қаватли ва якка тартибдаги хонадонларни техник қўриқловга олиш | C8: =+SUM(D8:BF8) -> 9 | F8: 1 | H8: 1 | AH8: 1 | AJ8: 1 | AO8: 2 | AT8: 1 | AY8: 2
A9: 3. | B9: Кўп қаватли уйларнинг кириш йўлаклари олдига ташвиш тугмаларини ўрнатиш | C9: =+SUM(D9:BF9) -> 4 | W9: 4
A10: 4. | B10: Кун давомида келиб тушган "ташвиш хабарлари" | C10: =+SUM(D10:BF10) -> 15 | G10: 1 | T10: 1 | W10: 1 | Y10: 1 | Z10: 1 | AA10: 1 | AI10: 1 | AJ10: 4 | AM10: 1 | AO10: 1 | AP10: 2
A11: 4.1. | B11: Чақирувга асосан ҳодиса жойига етиб борган тезкор ҳаракатланувчи гуруҳ | C11: =+SUM(D11:BF11) -> 15 | G11: 1 | T11: 1 | W11: 1 | Y11: 1 | Z11: 1 | AA11: 1 | AI11: 1 | AJ11: 4 | AM11: 1 | AO11: 1 | AP11: 2
A12: 5. | B12: тезкор ҳаракатланувчи гуруҳлар томонидан аниқланган жиноятлар | C12: =+SUM(D12:BF12) -> 0
A13: 6. | B13: тезкор ҳаракатланувчи гуруҳлар томонидан ушланган қидирувдаги шахслар | C13: =+SUM(D13:BF13) -> 0
A14: 7. | B14: Қўриқлаш хизмати афзалликлари бўйича тарғибот учрашувлари ўтказиш | C14: =+SUM(D14:BF14) -> 73 | E14: 4 | F14: 1 | G14: 3 | H14: 2 | J14: 3 | K14: 4 | N14: 5 | P14: 4 | Q14: 1 | S14: 3 | T14: 4 | U14: 3 | V14: 5 | W14: 2 | AC14: 5 | AD14: 2 | AF14: 5 | AR14: 3 | AT14: 5 | AV14: 2 | AX14: 2 | BD14: 3 | BE14: 2
A15: 8. | B15: “Объект қўриқловда!” ва “Хонадон қўриқловда!” стикерларини жойлаштириш | C15: =+SUM(D15:BF15) -> 15 | D15: 3 | G15: 1 | X15: 1 | AC15: 1 | AL15: 1 | AX15: 2 | AZ15: 2 | BB15: 2 | BD15: 1 | BF15: 1
A16: 9. | B16: Объектларни жисмоний қўриқловга олиш | C16: =+SUM(D16:BF16) -> 0
A17: шундан | B17: шаҳодатланган таркиб | C17: =+SUM(D17:BF17) -> 0
B18: ҳарбийлаштирилган соқчи | C18: =+SUM(D18:BF18) -> 0
B19: қоровуллик | C19: =+SUM(D19:BF19) -> 0

Sheet 01.31
A1: № | B1: Кўрсаткич | C1: жами | D1: Ал-Хоразмий | E1: Бахористон | F1: Бектўпи | G1: Гулистон | H1: Катта Хирмонтепа | I1: Тирсакобод | J1: Хайрабод | K1: Хирмон тепа | L1: Хонтўпи | M1: Шараф | N1: Шарқ | O1: Шарқ тонги | P1: Шухрат | Q1: 1-Чарх Камолон | R1: 2-Чарх Камолон | S1: 3-Чарх Камолон | T1: Бешёғоч | U1: Катта Козиробод | V1: Катта Олмазор | W1: Катта Чилонзор-1 | X1: Катта Чилонзор-2 | Y1: Катта Чилонзор-3 | Z1: Қозиробод | AA1: Новза | AB1: Чилонзор | AC1: 1-Қатортол | AD1: Бешчинор | AE1: Боғзор | AF1: Диёр | AG1: Дилобод | AH1: Катта Навбаҳор | AI1: Кўркам | AJ1: Кўтарма | AK1: Қатортол | AL1: Лутфий | AM1: Навбахор | AN1: Нафосат | AO1: Оқ-тепа | AP1: Халқлар Дўстлиги | AQ1: Чўпон-ота | AR1: 2-Қатортол | AS1: Ботирма | AT1: Бўрижар | AU1: Гавхар | AV1: Дўмбиробод | AW1: Зарқўрғон | AX1: Катта Дўмбиробод | AY1: Кичик Хирмонтепа | AZ1: Мевазор | BA1: Мехржон | BB1: Наққошлик | BC1: Фидокор | BD1: Яккабоғ | BE1: Яккатут | BF1: Бешқўрғон
A2: 1. | B2: Савдо ва маиший хизмат кўрсатиш объектларини техник қўриқловга олиш | C2: =+SUM(D2:BF2) -> 11 | D2: =+SUM(D3:D7) -> 0 | E2: =+SUM(E3:E7) -> 1 | F2: =+SUM(F3:F7) -> 0 | G2: =+SUM(G3:G7) -> 0 | H2: =+SUM(H3:H7) -> 0 | I2: =+SUM(I3:I7) -> 0 | J2: =+SUM(J3:J7) -> 0 | K2: =+SUM(K3:K7) -> 0 | ... BF2: =+SUM(BF3:BF7) -> 0
A3: шундан | B3: савдо дўконлари | C3: =+SUM(D3:BF3) -> 1 | AJ3: 1
B4: спиртли ичимликлар дўконлари | C4: =+SUM(D4:BF4) -> 1 | AN4: 1
B5: умумий овқатланиш жойлари | C5: =+SUM(D5:BF5) -> 1 | BD5: 1
B6: компьютер-плейстейшн | C6: =+SUM(D6:BF6) -> 2 | O6: 1 | Y6: 1
B7: бошқа турдаги объектлар | C7: =+SUM(D7:BF7) -> 6 | E7: 1 | AB7: 1 | AJ7: 1 | AO7: 1 | AT7: 1 | BD7: 1
A8: 2. | B8: Кўп қаватли ва якка тартибдаги хонадонларни техник қўриқловга олиш | C8: =+SUM(D8:BF8) -> 32 | E8: 6 | F8: 1 | H8: 6 | I8: 2 | N8: 6 | P8: 1 | T8: 2 | Y8: 1 | AK8: 4 | AS8: 1 | AT8: 1 | AW8: 1
A9: 3. | B9: Кўп қаватли уйларнинг кириш йўлаклари олдига ташвиш тугмаларини ўрнатиш | C9: =+SUM(D9:BF9) -> 2 | W9: 2
A10: 4. | B10: Кун давомида келиб тушган "ташвиш хабарлари" | C10: =+SUM(D10:BF10) -> 33 | F10: 1 | G10: 1 | T10: 2 | Y10: 2 | Z10: 4 | AA10: 1 | AB10: 1 | AI10: 1 | AJ10: 5 | AM10: 3 | AO10: 1 | AP10: 2 | AQ10: 1 | AS10: 3 | AU10: 1 | BD10: 1 | BE10: 1 | BF10: 2
A11: 4.1. | B11: Чақирувга асосан ҳодиса жойига етиб борган тезкор ҳаракатланувчи гуруҳ | C11: =+SUM(D11:BF11) -> 33 | F11: 1 | G11: 1 | T11: 2 | Y11: 2 | Z11: 4 | AA11: 1 | AB11: 1 | AI11: 1 | AJ11: 5 | AM11: 3 | AO11: 1 | AP11: 2 | AQ11: 1 | AS11: 3 | AU11: 1 | BD11: 1 | BE11: 1 | BF11: 2
A12: 5. | B12: тезкор ҳаракатланувчи гуруҳлар томонидан аниқланган жиноятлар | C12: =+SUM(D12:BF12) -> 0
A13: 6. | B13: тезкор ҳаракатланувчи гуруҳлар томонидан ушланган қидирувдаги шахслар | C13: =+SUM(D13:BF13) -> 0
A14: 7. | B14: Қўриқлаш хизмати афзалликлари бўйича тарғибот учрашувлари ўтказиш | C14: =+SUM(D14:BF14) -> 110 | D14: 3 | F14: 2 | G14: 2 | H14: 2 | I14: 2 | J14: 2 | L14: 2 | M14: 2 | P14: 3 | R14: 3 | S14: 2 | U14: 4 | V14: 2 | W14: 3 | X14: 5 | Y14: 2 | Z14: 3 | AA14: 5 | AB14: 2 | AC14: 3 | AD14: 2 | AE14: 2 | AF14: 2 | AH14: 3 | AJ14: 2 | AK14: 3 | AM14: 3 | AN14: 2 | AO14: 5 | AP14: 2 | AR14: 2 | AS14: 3 | AT14: 2 | AV14: 3 | AW14: 2 | AX14: 1 | AY14: 2 | AZ14: 2 | BA14: 3 | BB14: 2 | BC14: 3 | BD14: 2 | BE14: 1 | BF14: 2
A15: 8. | B15: “Объект қўриқловда!” ва “Хонадон қўриқловда!” стикерларини жойлаштириш | C15: =+SUM(D15:BF15) -> 12 | N15: 1 | AE15: 1 | AJ15: 1 | AL15: 1 | AM15: 2 | AS15: 2 | AT15: 2 | BE15: 2
A16: 9. | B16: Объектларни жисмоний қўриқловга олиш | C16: =+SUM(D16:BF16) -> 1 | AQ16: 1
A17: шундан | B17: шаҳодатланган таркиб | C17: =+SUM(D17:BF17) -> 0
B18: ҳарбийлаштирилган соқчи | C18: =+SUM(D18:BF18) -> 0
B19: қоровуллик | C19: =+SUM(D19:BF19) -> 1 | AQ19: 1

Sheet 02.01
A1: № | B1: Кўрсаткич | C1: жами | D1: Ал-Хоразмий | E1: Бахористон | F1: Бектўпи | G1: Гулистон | H1: Катта Хирмонтепа | I1: Тирсакобод | J1: Хайрабод | K1: Хирмон тепа | L1: Хонтўпи | M1: Шараф | N1: Шарқ | O1: Шарқ тонги | P1: Шухрат | Q1: 1-Чарх Камолон | R1: 2-Чарх Камолон | S1: 3-Чарх Камолон | T1: Бешёғоч | U1: Катта Козиробод | V1: Катта Олмазор | W1: Катта Чилонзор-1 | X1: Катта Чилонзор-2 | Y1: Катта Чилонзор-3 | Z1: Қозиробод | AA1: Новза | AB1: Чилонзор | AC1: 1-Қатортол | AD1: Бешчинор | AE1: Боғзор | AF1: Диёр | AG1: Дилобод | AH1: Катта Навбаҳор | AI1: Кўркам | AJ1: Кўтарма | AK1: Қатортол | AL1: Лутфий | AM1: Навбахор | AN1: Нафосат | AO1: Оқ-тепа | AP1: Халқлар Дўстлиги | AQ1: Чўпон-ота | AR1: 2-Қатортол | AS1: Ботирма | AT1: Бўрижар | AU1: Гавхар | AV1: Дўмбиробод | AW1: Зарқўрғон | AX1: Катта Дўмбиробод | AY1: Кичик Хирмонтепа | AZ1: Мевазор | BA1: Мехржон | BB1: Наққошлик | BC1: Фидокор | BD1: Яккабоғ | BE1: Яккатут | BF1: Бешқўрғон
A2: 1. | B2: Савдо ва маиший хизмат кўрсатиш объектларини техник қўриқловга олиш | C2: =+SUM(D2:BF2) -> 1 | D2: =+SUM(D3:D7) -> 0 | E2: =+SUM(E3:E7) -> 0 | F2: =+SUM(F3:F7) -> 0 | G2: =+SUM(G3:G7) -> 0 | H2: =+SUM(H3:H7) -> 0 | I2: =+SUM(I3:I7) -> 0 | J2: =+SUM(J3:J7) -> 0 | K2: =+SUM(K3:K7) -> 0 | ... BF2: =+SUM(BF3:BF7) -> 0
A3: шундан | B3: савдо дўконлари | C3: =+SUM(D3:BF3) -> 0
B4: спиртли ичимликлар дўконлари | C4: =+SUM(D4:BF4) -> 1 | AD4: 1
B5: умумий овқатланиш жойлари | C5: =+SUM(D5:BF5) -> 0
B6: компьютер-плейстейшн | C6: =+SUM(D6:BF6) -> 0
B7: бошқа турдаги объектлар | C7: =+SUM(D7:BF7) -> 0
A8: 2. | B8: Кўп қаватли ва якка тартибдаги хонадонларни техник қўриқловга олиш | C8: =+SUM(D8:BF8) -> 35 | Q8: 4 | R8: 1 | S8: 1 | AA8: 2 | AB8: 2 | AC8: 1 | AD8: 2 | AG8: 2 | AH8: 5 | AJ8: 2 | AK8: 4 | AM8: 2 | AN8: 3 | AP8: 1 | AQ8: 3
A9: 3. | B9: Кўп қаватли уйларнинг кириш йўлаклари олдига ташвиш тугмаларини ўрнатиш | C9: =+SUM(D9:BF9) -> 0
A10: 4. | B10: Кун давомида келиб тушган "ташвиш хабарлари" | C10: =+SUM(D10:BF10) -> 23 | P10: 1 | Q10: 1 | T10: 1 | W10: 1 | X10: 2 | AA10: 1 | AC10: 2 | AI10: 1 | AK10: 4 | AM10: 1 | AN10: 1 | AO10: 1 | AP10: 1 | AQ10: 1 | AT10: 1 | AW10: 1 | BA10: 1 | BE10: 1
A11: 4.1. | B11: Чақирувга асосан ҳодиса жойига етиб борган тезкор ҳаракатланувчи гуруҳ | C11: =+SUM(D11:BF11) -> 23 | P11: 1 | Q11: 1 | T11: 1 | W11: 1 | X11: 2 | AA11: 1 | AC11: 2 | AI11: 1 | AK11: 4 | AM11: 1 | AN11: 1 | AO11: 1 | AP11: 1 | AQ11: 1 | AT11: 1 | AW11: 1 | BA11: 1 | BE11: 1
A12: 5. | B12: тезкор ҳаракатланувчи гуруҳлар томонидан аниқланган жиноятлар | C12: =+SUM(D12:BF12) -> 0
A13: 6. | B13: тезкор ҳаракатланувчи гуруҳлар томонидан ушланган қидирувдаги шахслар | C13: =+SUM(D13:BF13) -> 0
A14: 7. | B14: Қўриқлаш хизмати афзалликлари бўйича тарғибот учрашувлари ўтказиш | C14: =+SUM(D14:BF14) -> 98 | D14: 2 | F14: 3 | I14: 3 | L14: 2 | O14: 5 | P14: 3 | R14: 2 | S14: 2 | V14: 3 | W14: 1 | Y14: 2 | AA14: 3 | AF14: 3 | AG14: 4 | AH14: 5 | AI14: 3 | AJ14: 2 | AK14: 2 | AL14: 1 | AM14: 5 | AN14: 2 | AP14: 5 | AQ14: 3 | AR14: 1 | AS14: 3 | AT14: 2 | AV14: 2 | AX14: 5 | AZ14: 1 | BA14: 3 | BB14: 3 | BC14: 2 | BD14: 3 | BE14: 5 | BF14: 2
A15: 8. | B15: “Объект қўриқловда!” ва “Хонадон қўриқловда!” стикерларини жойлаштириш | C15: =+SUM(D15:BF15) -> 30 | E15: 1 | G15: 1 | K15: 2 | L15: 2 | N15: 3 | O15: 1 | P15: 1 | R15: 2 | T15: 1 | U15: 1 | W15: 1 | Y15: 1 | AA15: 2 | AF15: 1 | AN15: 1 | AR15: 2 | AU15: 1 | AW15: 2 | AY15: 1 | BD15: 1 | BF15: 2
A16: 9. | B16: Объектларни жисмоний қўриқловга олиш | C16: =+SUM(D16:BF16) -> 0
A17: шундан | B17: шаҳодатланган таркиб | C17: =+SUM(D17:BF17) -> 0
B18: ҳарбийлаштирилган соқчи | C18: =+SUM(D18:BF18) -> 0
B19: қоровуллик | C19: =+SUM(D19:BF19) -> 0

Sheet 02.02
A1: № | B1: Кўрсаткич | C1: жами | D1: Ал-Хоразмий | E1: Бахористон | F1: Бектўпи | G1: Гулистон | H1: Катта Хирмонтепа | I1: Тирсакобод | J1: Хайрабод | K1: Хирмон тепа | L1: Хонтўпи | M1: Шараф | N1: Шарқ | O1: Шарқ тонги | P1: Шухрат | Q1: 1-Чарх Камолон | R1: 2-Чарх Камолон | S1: 3-Чарх Камолон | T1: Бешёғоч | U1: Катта Козиробод | V1: Катта Олмазор | W1: Катта Чилонзор-1 | X1: Катта Чилонзор-2 | Y1: Катта Чилонзор-3 | Z1: Қозиробод | AA1: Новза | AB1: Чилонзор | AC1: 1-Қатортол | AD1: Бешчинор | AE1: Боғзор | AF1: Диёр | AG1: Дилобод | AH1: Катта Навбаҳор | AI1: Кўркам | AJ1: Кўтарма | AK1: Қатортол | AL1: Лутфий | AM1: Навбахор | AN1: Нафосат | AO1: Оқ-тепа | AP1: Халқлар Дўстлиги | AQ1: Чўпон-ота | AR1: 2-Қатортол | AS1: Ботирма | AT1: Бўрижар | AU1: Гавхар | AV1: Дўмбиробод | AW1: Зарқўрғон | AX1: Катта Дўмбиробод | AY1: Кичик Хирмонтепа | AZ1: Мевазор | BA1: Мехржон | BB1: Наққошлик | BC1: Фидокор | BD1: Яккабоғ | BE1: Яккатут | BF1: Бешқўрғон
A2: 1. | B2: Савдо ва маиший хизмат кўрсатиш объектларини техник қўриқловга олиш | C2: =+SUM(D2:BF2) -> 5 | D2: =+SUM(D3:D7) -> 1 | E2: =+SUM(E3:E7) -> 0 | F2: =+SUM(F3:F7) -> 0 | G2: =+SUM(G3:G7) -> 0 | H2: =+SUM(H3:H7) -> 0 | I2: =+SUM(I3:I7) -> 0 | J2: =+SUM(J3:J7) -> 0 | K2: =+SUM(K3:K7) -> 0 | ... BF2: =+SUM(BF3:BF7) -> 0
A3: шундан | B3: савдо дўконлари | C3: =+SUM(D3:BF3) -> 0
B4: спиртли ичимликлар дўконлари | C4: =+SUM(D4:BF4) -> 0
B5: умумий овқатланиш жойлари | C5: =+SUM(D5:BF5) -> 2 | AR5: 1 | BE5: 1
B6: компьютер-плейстейшн | C6: =+SUM(D6:BF6) -> 0
B7: бошқа турдаги объектлар | C7: =+SUM(D7:BF7) -> 3 | D7: 1 | AC7: 1 | AU7: 1
A8: 2. | B8: Кўп қаватли ва якка тартибдаги хонадонларни техник қўриқловга олиш | C8: =+SUM(D8:BF8) -> 14 | D8: 1 | K8: 1 | M8: 1 | P8: 1 | Y8: 1 | AK8: 2 | AP8: 1 | AR8: 1 | AT8: 2 | AV8: 1 | AW8: 1 | BF8: 1
A9: 3. | B9: Кўп қаватли уйларнинг кириш йўлаклари олдига ташвиш тугмаларини ўрнатиш | C9: =+SUM(D9:BF9) -> 0
A10: 4. | B10: Кун давомида келиб тушган "ташвиш хабарлари" | C10: =+SUM(D10:BF10) -> 25 | F10: 1 | H10: 1 | P10: 1 | T10: 2 | Y10: 1 | Z10: 1 | AB10: 1 | AD10: 1 | AJ10: 4 | AK10: 1 | AL10: 1 | AM10: 1 | AR10: 2 | AS10: 3 | AU10: 1 | BA10: 1 | BC10: 1 | BF10: 1
A11: 4.1. | B11: Чақирувга асосан ҳодиса жойига етиб борган тезкор ҳаракатланувчи гуруҳ | C11: =+SUM(D11:BF11) -> 25 | F11: 1 | H11: 1 | P11: 1 | T11: 2 | Y11: 1 | Z11: 1 | AB11: 1 | AD11: 1 | AJ11: 4 | AK11: 1 | AL11: 1 | AM11: 1 | AR11: 2 | AS11: 3 | AU11: 1 | BA11: 1 | BC11: 1 | BF11: 1
A12: 5. | B12: тезкор ҳаракатланувчи гуруҳлар томонидан аниқланган жиноятлар | C12: =+SUM(D12:BF12) -> 0
A13: 6. | B13: тезкор ҳаракатланувчи гуруҳлар томонидан ушланган қидирувдаги шахслар | C13: =+SUM(D13:BF13) -> 0
A14: 7. | B14: Қўриқлаш хизмати афзалликлари бўйича тарғибот учрашувлари ўтказиш | C14: =+SUM(D14:BF14) -> 131 | D14: 3 | E14: 14 | F14: 2 | H14: 3 | J14: 10 | L14: 6 | M14: 12 | P14: 3 | S14: 3 | U14: 8 | W14: 15 | AB14: 3 | AE14: 17 | AG14: 2 | AJ14: 3 | AQ14: 1 | AR14: 5 | AW14: 2 | AZ14: 3 | BC14: 3 | BD14: 11 | BF14: 2
A15: 8. | B15: “Объект қўриқловда!” ва “Хонадон қўриқловда!” стикерларини жойлаштириш | C15: =+SUM(D15:BF15) -> 11 | J15: 2 | L15: 1 | W15: 1 | AE15: 3 | AR15: 2 | BD15: 2
A16: 9. | B16: Объектларни жисмоний қўриқловга олиш | C16: =+SUM(D16:BF16) -> 0
A17: шундан | B17: шаҳодатланган таркиб | C17: =+SUM(D17:BF17) -> 0
B18: ҳарбийлаштирилган соқчи | C18: =+SUM(D18:BF18) -> 0
B19: қоровуллик | C19: =+SUM(D19:BF19) -> 0

Sheet 02.03
A1: № | B1: Кўрсаткич | C1: жами | D1: Ал-Хоразмий | E1: Бахористон | F1: Бектўпи | G1: Гулистон | H1: Катта Хирмонтепа | I1: Тирсакобод | J1: Хайрабод | K1: Хирмон тепа | L1: Хонтўпи | M1: Шараф | N1: Шарқ | O1: Шарқ тонги | P1: Шухрат | Q1: 1-Чарх Камолон | R1: 2-Чарх Камолон | S1: 3-Чарх Камолон | T1: Бешёғоч | U1: Катта Козиробод | V1: Катта Олмазор | W1: Катта Чилонзор-1 | X1: Катта Чилонзор-2 | Y1: Катта Чилонзор-3 | Z1: Қозиробод | AA1: Новза | AB1: Чилонзор | AC1: 1-Қатортол | AD1: Бешчинор | AE1: Боғзор | AF1: Диёр | AG1: Дилобод | AH1: Катта Навбаҳор | AI1: Кўркам | AJ1: Кўтарма | AK1: Қатортол | AL1: Лутфий | AM1: Навбахор | AN1: Нафосат | AO1: Оқ-тепа | AP1: Халқлар Дўстлиги | AQ1: Чўпон-ота | AR1: 2-Қатортол | AS1: Ботирма | AT1: Бўрижар | AU1: Гавхар | AV1: Дўмбиробод | AW1: Зарқўрғон | AX1: Катта Дўмбиробод | AY1: Кичик Хирмонтепа | AZ1: Мевазор | BA1: Мехржон | BB1: Наққошлик | BC1: Фидокор | BD1: Яккабоғ | BE1: Яккатут | BF1: Бешқўрғон
A2: 1. | B2: Савдо ва маиший хизмат кўрсатиш объектларини техник қўриқловга олиш | C2: =+SUM(D2:BF2) -> 48 | D2: =+SUM(D3:D7) -> 0 | E2: =+SUM(E3:E7) -> 0 | F2: =+SUM(F3:F7) -> 0 | G2: =+SUM(G3:G7) -> 0 | H2: =+SUM(H3:H7) -> 0 | I2: =+SUM(I3:I7) -> 0 | J2: =+SUM(J3:J7) -> 0 | K2: =+SUM(K3:K7) -> 0 | ... BF2: =+SUM(BF3:BF7) -> 0
A3: шундан | B3: савдо дўконлари | C3: =+SUM(D3:BF3) -> 1 | AG3: 1
B4: спиртли ичимликлар дўконлари | C4: =+SUM(D4:BF4) -> 0
B5: умумий овқатланиш жойлари | C5: =+SUM(D5:BF5) -> 0
B6: компьютер-плейстейшн | C6: =+SUM(D6:BF6) -> 0
B7: бошқа турдаги объектлар | C7: =+SUM(D7:BF7) -> 47 | W7: 47
A8: 2. | B8: Кўп қаватли ва якка тартибдаги хонадонларни техник қўриқловга олиш | C8: =+SUM(D8:BF8) -> 8 | G8: 1 | S8: 1 | AG8: 1 | AK8: 2 | AX8: 1 | AZ8: 1 | BF8: 1
A9: 3. | B9: Кўп қаватли уйларнинг кириш йўлаклари олдига ташвиш тугмаларини ўрнатиш | C9: =+SUM(D9:BF9) -> 0
A10: 4. | B10: Кун давомида келиб тушган "ташвиш хабарлари" | C10: =+SUM(D10:BF10) -> 11 | F10: 3 | Y10: 1 | AJ10: 4 | AM10: 1 | AV10: 1 | AX10: 1
A11: 4.1. | B11: Чақирувга асосан ҳодиса жойига етиб борган тезкор ҳаракатланувчи гуруҳ | C11: =+SUM(D11:BF11) -> 11 | F11: 3 | Y11: 1 | AJ11: 4 | AM11: 1 | AV11: 1 | AX11: 1
A12: 5. | B12: тезкор ҳаракатланувчи гуруҳлар томонидан аниқланган жиноятлар | C12: =+SUM(D12:BF12) -> 0
A13: 6. | B13: тезкор ҳаракатланувчи гуруҳлар томонидан ушланган қидирувдаги шахслар | C13: =+SUM(D13:BF13) -> 1 | AN13: 1
A14: 7. | B14: Қўриқлаш хизмати афзалликлари бўйича тарғибот учрашувлари ўтказиш | C14: =+SUM(D14:BF14) -> 104 | D14: 5 | E14: 11 | F14: 3 | H14: 1 | I14: 5 | K14: 2 | M14: 3 | O14: 3 | Q14: 1 | R14: 2 | X14: 4 | Z14: 5 | AA14: 3 | AC14: 2 | AD14: 5 | AF14: 2 | AI14: 6 | AJ14: 3 | AK14: 4 | AL14: 3 | AN14: 5 | AQ14: 5 | AT14: 4 | AV14: 3 | AW14: 2 | AY14: 3 | BA14: 1 | BB14: 2 | BC14: 3 | BE14: 1 | BF14: 2
A15: 8. | B15: “Объект қўриқловда!” ва “Хонадон қўриқловда!” стикерларини жойлаштириш | C15: =+SUM(D15:BF15) -> 15 | E15: 1 | G15: 1 | J15: 1 | L15: 1 | P15: 1 | S15: 1 | T15: 1 | Y15: 1 | AB15: 1 | AG15: 1 | AR15: 3 | AZ15: 1 | BD15: 1
A16: 9. | B16: Объектларни жисмоний қўриқловга олиш | C16: =+SUM(D16:BF16) -> 0
A17: шундан | B17: шаҳодатланган таркиб | C17: =+SUM(D17:BF17) -> 0
B18: ҳарбийлаштирилган соқчи | C18: =+SUM(D18:BF18) -> 0
B19: қоровуллик | C19: =+SUM(D19:BF19) -> 0

Sheet 02.04
A1: № | B1: Кўрсаткич | C1: жами | D1: Ал-Хоразмий | E1: Бахористон | F1: Бектўпи | G1: Гулистон | H1: Катта Хирмонтепа | I1: Тирсакобод | J1: Хайрабод | K1: Хирмон тепа | L1: Хонтўпи | M1: Шараф | N1: Шарқ | O1: Шарқ тонги | P1: Шухрат | Q1: 1-Чарх Камолон | R1: 2-Чарх Камолон | S1: 3-Чарх Камолон | T1: Бешёғоч | U1: Катта Козиробод | V1: Катта Олмазор | W1: Катта Чилонзор-1 | X1: Катта Чилонзор-2 | Y1: Катта Чилонзор-3 | Z1: Қозиробод | AA1: Новза | AB1: Чилонзор | AC1: 1-Қатортол | AD1: Бешчинор | AE1: Боғзор | AF1: Диёр | AG1: Дилобод | AH1: Катта Навбаҳор | AI1: Кўркам | AJ1: Кўтарма | AK1: Қатортол | AL1: Лутфий | AM1: Навбахор | AN1: Нафосат | AO1: Оқ-тепа | AP1: Халқлар Дўстлиги | AQ1: Чўпон-ота | AR1: 2-Қатортол | AS1: Ботирма | AT1: Бўрижар | AU1: Гавхар | AV1: Дўмбиробод | AW1: Зарқўрғон | AX1: Катта Дўмбиробод | AY1: Кичик Хирмонтепа | AZ1: Мевазор | BA1: Мехржон | BB1: Наққошлик | BC1: Фидокор | BD1: Яккабоғ | BE1: Яккатут | BF1: Бешқўрғон
A2: 1. | B2: Савдо ва маиший хизмат кўрсатиш объектларини техник қўриқловга олиш | C2: =+SUM(D2:BF2) -> 17 | D2: =+SUM(D3:D7) -> 0 | E2: =+SUM(E3:E7) -> 0 | F2: =+SUM(F3:F7) -> 2 | G2: =+SUM(G3:G7) -> 0 | H2: =+SUM(H3:H7) -> 0 | I2: =+SUM(I3:I7) -> 0 | J2: =+SUM(J3:J7) -> 1 | K2: =+SUM(K3:K7) -> 0 | ... BF2: =+SUM(BF3:BF7) -> 0
A3: шундан | B3: савдо дўконлари | C3: =+SUM(D3:BF3) -> 2 | AK3: 1 | AT3: 1
B4: спиртли ичимликлар дўконлари | C4: =+SUM(D4:BF4) -> 0
B5: умумий овқатланиш жойлари | C5: =+SUM(D5:BF5) -> 2 | J5: 1 | BD5: 1
B6: компьютер-плейстейшн | C6: =+SUM(D6:BF6) -> 0
B7: бошқа турдаги объектлар | C7: =+SUM(D7:BF7) -> 13 | F7: 2 | X7: 2 | Z7: 1 | AA7: 2 | AG7: 1 | AM7: 1 | AN7: 1 | AU7: 1 | AZ7: 1 | BD7: 1
A8: 2. | B8: Кўп қаватли ва якка тартибдаги хонадонларни техник қўриқловга олиш | C8: =+SUM(D8:BF8) -> 12 | N8: 1 | S8: 1 | X8: 1 | AM8: 2 | AQ8: 1 | AS8: 3 | AV8: 1 | BC8: 2
A9: 3. | B9: Кўп қаватли уйларнинг кириш йўлаклари олдига ташвиш тугмаларини ўрнатиш | C9: =+SUM(D9:BF9) -> 0
A10: 4. | B10: Кун давомида келиб тушган "ташвиш хабарлари" | C10: =+SUM(D10:BF10) -> 32 | F10: 4 | I10: 1 | T10: 2 | W10: 1 | Y10: 2 | Z10: 2 | AB10: 1 | AG10: 1 | AJ10: 6 | AL10: 1 | AM10: 4 | AP10: 2 | AT10: 2 | AV10: 1 | AX10: 1 | BF10: 1
A11: 4.1. | B11: Чақирувга асосан ҳодиса жойига етиб борган тезкор ҳаракатланувчи гуруҳ | C11: =+SUM(D11:BF11) -> 32 | F11: 4 | I11: 1 | T11: 2 | W11: 1 | Y11: 2 | Z11: 2 | AB11: 1 | AG11: 1 | AJ11: 6 | AL11: 1 | AM11: 4 | AP11: 2 | AT11: 2 | AV11: 1 | AX11: 1 | BF11: 1
A12: 5. | B12: тезкор ҳаракатланувчи гуруҳлар томонидан аниқланган жиноятлар | C12: =+SUM(D12:BF12) -> 0
A13: 6. | B13: тезкор ҳаракатланувчи гуруҳлар томонидан ушланган қидирувдаги шахслар | C13: =+SUM(D13:BF13) -> 0
A14: 7. | B14: Қўриқлаш хизмати афзалликлари бўйича тарғибот учрашувлари ўтказиш | C14: =+SUM(D14:BF14) -> 130 | D14: 3 | E14: 2 | F14: 3 | G14: 1 | H14: 3 | I14: 1 | J14: 2 | K14: 3 | L14: 3 | N14: 2 | O14: 11 | P14: 2 | Q14: 5 | R14: 4 | S14: 1 | T14: 2 | V14: 5 | W14: 3 | Y14: 5 | Z14: 3 | AA14: 2 | AC14: 5 | AD14: 5 | AH14: 2 | AJ14: 3 | AK14: 5 | AM14: 5 | AN14: 3 | AP14: 3 | AT14: 14 | AU14: 5 | AX14: 3 | BA14: 5 | BE14: 2 | BF14: 4
A15: 8. | B15: “Объект қўриқловда!” ва “Хонадон қўриқловда!” стикерларини жойлаштириш | C15: =+SUM(D15:BF15) -> 13 | K15: 2 | Q15: 3 | V15: 2 | AG15: 2 | AO15: 1 | AP15: 1 | AU15: 2
A16: 9. | B16: Объектларни жисмоний қўриқловга олиш | C16: =+SUM(D16:BF16) -> 0
A17: шундан | B17: шаҳодатланган таркиб | C17: =+SUM(D17:BF17) -> 0
B18: ҳарбийлаштирилган соқчи | C18: =+SUM(D18:BF18) -> 0
B19: қоровуллик | C19: =+SUM(D19:BF19) -> 0

Sheet 02.05
A1: № | B1: Кўрсаткич | C1: жами | D1: Ал-Хоразмий | E1: Бахористон | F1: Бектўпи | G1: Гулистон | H1: Катта Хирмонтепа | I1: Тирсакобод | J1: Хайрабод | K1: Хирмон тепа | L1: Хонтўпи | M1: Шараф | N1: Шарқ | O1: Шарқ тонги | P1: Шухрат | Q1: 1-Чарх Камолон | R1: 2-Чарх Камолон | S1: 3-Чарх Камолон | T1: Бешёғоч | U1: Катта Козиробод | V1: Катта Олмазор | W1: Катта Чилонзор-1 | X1: Катта Чилонзор-2 | Y1: Катта Чилонзор-3 | Z1: Қозиробод | AA1: Новза | AB1: Чилонзор | AC1: 1-Қатортол | AD1: Бешчинор | AE1: Боғзор | AF1: Диёр | AG1: Дилобод | AH1: Катта Навбаҳор | AI1: Кўркам | AJ1: Кўтарма | AK1: Қатортол | AL1: Лутфий | AM1: Навбахор | AN1: Нафосат | AO1: Оқ-тепа | AP1: Халқлар Дўстлиги | AQ1: Чўпон-ота | AR1: 2-Қатортол | AS1: Ботирма | AT1: Бўрижар | AU1: Гавхар | AV1: Дўмбиробод | AW1: Зарқўрғон | AX1: Катта Дўмбиробод | AY1: Кичик Хирмонтепа | AZ1: Мевазор | BA1: Мехржон | BB1: Наққошлик | BC1: Фидокор | BD1: Яккабоғ | BE1: Яккатут | BF1: Бешқўрғон
A2: 1. | B2: Савдо ва маиший хизмат кўрсатиш объектларини техник қўриқловга олиш | C2: =+SUM(D2:BF2) -> 9 | D2: =+SUM(D3:D7) -> 0 | E2: =+SUM(E3:E7) -> 0 | F2: =+SUM(F3:F7) -> 0 | G2: =+SUM(G3:G7) -> 1 | H2: =+SUM(H3:H7) -> 0 | I2: =+SUM(I3:I7) -> 0 | J2: =+SUM(J3:J7) -> 0 | K2: =+SUM(K3:K7) -> 0 | ... BF2: =+SUM(BF3:BF7) -> 1
A3: шундан | B3: савдо дўконлари | C3: =+SUM(D3:BF3) -> 1 | BF3: 1
B4: спиртли ичимликлар дўконлари | C4: =+SUM(D4:BF4) -> 0
B5: умумий овқатланиш жойлари | C5: =+SUM(D5:BF5) -> 3 | T5: 2 | AJ5: 1
B6: компьютер-плейстейшн | C6: =+SUM(D6:BF6) -> 0
B7: бошқа турдаги объектлар | C7: =+SUM(D7:BF7) -> 5 | G7: 1 | O7: 1 | T7: 1 | AV7: 1 | BC7: 1
A8: 2. | B8: Кўп қаватли ва якка тартибдаги хонадонларни техник қўриқловга олиш | C8: =+SUM(D8:BF8) -> 9 | G8: 3 | R8: 1 | AH8: 1 | AK8: 3 | BF8: 1
A9: 3. | B9: Кўп қаватли уйларнинг кириш йўлаклари олдига ташвиш тугмаларини ўрнатиш | C9: =+SUM(D9:BF9) -> 0
A10: 4. | B10: Кун давомида келиб тушган "ташвиш хабарлари" | C10: =+SUM(D10:BF10) -> 30 | F10: 1 | I10: 1 | T10: 2 | W10: 2 | Y10: 2 | Z10: 2 | AA10: 1 | AE10: 1 | AG10: 1 | AJ10: 4 | AL10: 1 | AM10: 2 | AN10: 5 | AP10: 2 | AT10: 1 | AV10: 1 | BF10: 1
A11: 4.1. | B11: Чақирувга асосан ҳодиса жойига етиб борган тезкор ҳаракатланувчи гуруҳ | C11: =+SUM(D11:BF11) -> 30 | F11: 1 | I11: 1 | T11: 2 | W11: 2 | Y11: 2 | Z11: 2 | AA11: 1 | AE11: 1 | AG11: 1 | AJ11: 4 | AL11: 1 | AM11: 2 | AN11: 5 | AP11: 2 | AT11: 1 | AV11: 1 | BF11: 1
A12: 5. | B12: тезкор ҳаракатланувчи гуруҳлар томонидан аниқланган жиноятлар | C12: =+SUM(D12:BF12) -> 0
A13: 6. | B13: тезкор ҳаракатланувчи гуруҳлар томонидан ушланган қидирувдаги шахслар | C13: =+SUM(D13:BF13) -> 0
A14: 7. | B14: Қўриқлаш хизмати афзалликлари бўйича тарғибот учрашувлари ўтказиш | C14: =+SUM(D14:BF14) -> 251 | N14: 22 | R14: 12 | W14: 8 | Y14: 25 | AC14: 9 | AJ14: 20 | AR14: 28 | AT14: 16 | AU14: 21 | AV14: 20 | AW14: 30 | AX14: 28 | AZ14: 5 | BD14: 7
A15: 8. | B15: “Объект қўриқловда!” ва “Хонадон қўриқловда!” стикерларини жойлаштириш | C15: =+SUM(D15:BF15) -> 11 | W15: 6 | AR15: 5
A16: 9. | B16: Объектларни жисмоний қўриқловга олиш | C16: =+SUM(D16:BF16) -> 0
A17: шундан | B17: шаҳодатланган таркиб | C17: =+SUM(D17:BF17) -> 0
B18: ҳарбийлаштирилган соқчи | C18: =+SUM(D18:BF18) -> 0
B19: қоровуллик | C19: =+SUM(D19:BF19) -> 0

Sheet 02.06
A1: № | B1: Кўрсаткич | C1: жами | D1: Ал-Хоразмий | E1: Бахористон | F1: Бектўпи | G1: Гулистон | H1: Катта Хирмонтепа | I1: Тирсакобод | J1: Хайрабод | K1: Хирмон тепа | L1: Хонтўпи | M1: Шараф | N1: Шарқ | O1: Шарқ тонги | P1: Шухрат | Q1: 1-Чарх Камолон | R1: 2-Чарх Камолон | S1: 3-Чарх Камолон | T1: Бешёғоч | U1: Катта Козиробод | V1: Катта Олмазор | W1: Катта Чилонзор-1 | X1: Катта Чилонзор-2 | Y1: Катта Чилонзор-3 | Z1: Қозиробод | AA1: Новза | AB1: Чилонзор | AC1: 1-Қатортол | AD1: Бешчинор | AE1: Боғзор | AF1: Диёр | AG1: Дилобод | AH1: Катта Навбаҳор | AI1: Кўркам | AJ1: Кўтарма | AK1: Қатортол | AL1: Лутфий | AM1: Навбахор | AN1: Нафосат | AO1: Оқ-тепа | AP1: Халқлар Дўстлиги | AQ1: Чўпон-ота | AR1: 2-Қатортол | AS1: Ботирма | AT1: Бўрижар | AU1: Гавхар | AV1: Дўмбиробод | AW1: Зарқўрғон | AX1: Катта Дўмбиробод | AY1: Кичик Хирмонтепа | AZ1: Мевазор | BA1: Мехржон | BB1: Наққошлик | BC1: Фидокор | BD1: Яккабоғ | BE1: Яккатут | BF1: Бешқўрғон
A2: 1. | B2: Савдо ва маиший хизмат кўрсатиш объектларини техник қўриқловга олиш | C2: =+SUM(D2:BF2) -> 12 | D2: =+SUM(D3:D7) -> 0 | E2: =+SUM(E3:E7) -> 0 | F2: =+SUM(F3:F7) -> 3 | G2: =+SUM(G3:G7) -> 1 | H2: =+SUM(H3:H7) -> 0 | I2: =+SUM(I3:I7) -> 0 | J2: =+SUM(J3:J7) -> 0 | K2: =+SUM(K3:K7) -> 0 | ... BF2: =+SUM(BF3:BF7) -> 1
A3: шундан | B3: савдо дўконлари | C3: =+SUM(D3:BF3) -> 3 | N3: 1 | AE3: 1 | AJ3: 1
B4: спиртли ичимликлар дўконлари | C4: =+SUM(D4:BF4) -> 1 | AJ4: 1
B5: умумий овқатланиш жойлари | C5: =+SUM(D5:BF5) -> 3 | F5: 1 | T5: 1 | BF5: 1
B6: компьютер-плейстейшн | C6: =+SUM(D6:BF6) -> 0
B7: бошқа турдаги объектлар | C7: =+SUM(D7:BF7) -> 5 | F7: 2 | G7: 1 | Q7: 1 | AX7: 1
A8: 2. | B8: Кўп қаватли ва якка тартибдаги хонадонларни техник қўриқловга олиш | C8: =+SUM(D8:BF8) -> 10 | E8: 1 | L8: 1 | Q8: 2 | X8: 1 | AD8: 1 | AO8: 1 | AW8: 1 | BC8: 1 | BE8: 1
A9: 3. | B9: Кўп қаватли уйларнинг кириш йўлаклари олдига ташвиш тугмаларини ўрнатиш | C9: =+SUM(D9:BF9) -> 9 | W9: 7 | BD9: 2
A10: 4. | B10: Кун давомида келиб тушган "ташвиш хабарлари" | C10: =+SUM(D10:BF10) -> 10 | V10: 2 | AB10: 1 | AF10: 1 | AJ10: 2 | AK10: 2 | AS10: 1 | AT10: 1
A11: 4.1. | B11: Чақирувга асосан ҳодиса жойига етиб борган тезкор ҳаракатланувчи гуруҳ | C11: =+SUM(D11:BF11) -> 10 | V11: 2 | AB11: 1 | AF11: 1 | AJ11: 2 | AK11: 2 | AS11: 1 | AT11: 1
A12: 5. | B12: тезкор ҳаракатланувчи гуруҳлар томонидан аниқланган жиноятлар | C12: =+SUM(D12:BF12) -> 0
A13: 6. | B13: тезкор ҳаракатланувчи гуруҳлар томонидан ушланган қидирувдаги шахслар | C13: =+SUM(D13:BF13) -> 0
A14: 7. | B14: Қўриқлаш хизмати афзалликлари бўйича тарғибот учрашувлари ўтказиш | C14: =+SUM(D14:BF14) -> 142 | F14: 5 | H14: 5 | I14: 6 | K14: 5 | M14: 5 | O14: 3 | Q14: 4 | R14: 14 | U14: 5 | W14: 5 | AB14: 3 | AE14: 3 | AI14: 5 | AN14: 5 | AS14: 5 | AX14: 38 | AY14: 5 | BB14: 15 | BC14: 3 | BF14: 3
A15: 8. | B15: “Объект қўриқловда!” ва “Хонадон қўриқловда!” стикерларини жойлаштириш | C15: =+SUM(D15:BF15) -> 0
A16: 9. | B16: Объектларни жисмоний қўриқловга олиш | C16: =+SUM(D16:BF16) -> 0
A17: шундан | B17: шаҳодатланган таркиб | C17: =+SUM(D17:BF17) -> 0
B18: ҳарбийлаштирилган соқчи | C18: =+SUM(D18:BF18) -> 0
B19: қоровуллик | C19: =+SUM(D19:BF19) -> 0

Sheet 02.07
A1: № | B1: Кўрсаткич | C1: жами | D1: Ал-Хоразмий | E1: Бахористон | F1: Бектўпи | G1: Гулистон | H1: Катта Хирмонтепа | I1: Тирсакобод | J1: Хайрабод | K1: Хирмон тепа | L1: Хонтўпи | M1: Шараф | N1: Шарқ | O1: Шарқ тонги | P1: Шухрат | Q1: 1-Чарх Камолон | R1: 2-Чарх Камолон | S1: 3-Чарх Камолон | T1: Бешёғоч | U1: Катта Козиробод | V1: Катта Олмазор | W1: Катта Чилонзор-1 | X1: Катта Чилонзор-2 | Y1: Катта Чилонзор-3 | Z1: Қозиробод | AA1: Новза | AB1: Чилонзор | AC1: 1-Қатортол | AD1: Бешчинор | AE1: Боғзор | AF1: Диёр | AG1: Дилобод | AH1: Катта Навбаҳор | AI1: Кўркам | AJ1: Кўтарма | AK1: Қатортол | AL1: Лутфий | AM1: Навбахор | AN1: Нафосат | AO1: Оқ-тепа | AP1: Халқлар Дўстлиги | AQ1: Чўпон-ота | AR1: 2-Қатортол | AS1: Ботирма | AT1: Бўрижар | AU1: Гавхар | AV1: Дўмбиробод | AW1: Зарқўрғон | AX1: Катта Дўмбиробод | AY1: Кичик Хирмонтепа | AZ1: Мевазор | BA1: Мехржон | BB1: Наққошлик | BC1: Фидокор | BD1: Яккабоғ | BE1: Яккатут | BF1: Бешқўрғон
A2: 1. | B2: Савдо ва маиший хизмат кўрсатиш объектларини техник қўриқловга олиш | C2: =+SUM(D2:BF2) -> 4 | D2: =+SUM(D3:D7) -> 0 | E2: =+SUM(E3:E7) -> 0 | F2: =+SUM(F3:F7) -> 1 | G2: =+SUM(G3:G7) -> 1 | H2: =+SUM(H3:H7) -> 0 | I2: =+SUM(I3:I7) -> 0 | J2: =+SUM(J3:J7) -> 0 | K2: =+SUM(K3:K7) -> 0 | ... BF2: =+SUM(BF3:BF7) -> 0
A3: шундан | B3: савдо дўконлари | C3: =+SUM(D3:BF3) -> 2 | G3: 1 | AM3: 1
B4: спиртли ичимликлар дўконлари | C4: =+SUM(D4:BF4) -> 0
B5: умумий овқатланиш жойлари | C5: =+SUM(D5:BF5) -> 0
B6: компьютер-плейстейшн | C6: =+SUM(D6:BF6) -> 0
B7: бошқа турдаги объектлар | C7: =+SUM(D7:BF7) -> 2 | F7: 1 | AU7: 1
A8: 2. | B8: Кўп қаватли ва якка тартибдаги хонадонларни техник қўриқловга олиш | C8: =+SUM(D8:BF8) -> 9 | G8: 2 | P8: 1 | R8: 1 | AG8: 2 | AU8: 1 | BB8: 1 | BC8: 1
A9: 3. | B9: Кўп қаватли уйларнинг кириш йўлаклари олдига ташвиш тугмаларини ўрнатиш | C9: =+SUM(D9:BF9) -> 10 | AU9: 10
A10: 4. | B10: Кун давомида келиб тушган "ташвиш хабарлари" | C10: =+SUM(D10:BF10) -> 19 | D10: 1 | T10: 2 | U10: 1 | X10: 4 | AD10: 1 | AH10: 2 | AJ10: 3 | AK10: 1 | AP10: 1 | AS10: 1 | BE10: 1 | BF10: 1
A11: 4.1. | B11: Чақирувга асосан ҳодиса жойига етиб борган тезкор ҳаракатланувчи гуруҳ | C11: =+SUM(D11:BF11) -> 19 | D11: 1 | T11: 2 | U11: 1 | X11: 4 | AD11: 1 | AH11: 2 | AJ11: 3 | AK11: 1 | AP11: 1 | AS11: 1 | BE11: 1 | BF11: 1
A12: 5. | B12: тезкор ҳаракатланувчи гуруҳлар томонидан аниқланган жиноятлар | C12: =+SUM(D12:BF12) -> 0
A13: 6. | B13: тезкор ҳаракатланувчи гуруҳлар томонидан ушланган қидирувдаги шахслар | C13: =+SUM(D13:BF13) -> 0
A14: 7. | B14: Қўриқлаш хизмати афзалликлари бўйича тарғибот учрашувлари ўтказиш | C14: =+SUM(D14:BF14) -> 112 | D14: 3 | F14: 2 | G14: 5 | I14: 2 | Q14: 4 | S14: 5 | T14: 5 | U14: 3 | V14: 5 | X14: 4 | Z14: 5 | AA14: 3 | AB14: 5 | AC14: 2 | AD14: 5 | AE14: 3 | AF14: 4 | AG14: 5 | AH14: 5 | AL14: 5 | AO14: 5 | AP14: 7 | AS14: 5 | AZ14: 5 | BA14: 3 | BC14: 2 | BE14: 5
A15: 8. | B15: “Объект қўриқловда!” ва “Хонадон қўриқловда!” стикерларини жойлаштириш | C15: =+SUM(D15:BF15) -> 33 | D15: 1 | F15: 1 | G15: 2 | M15: 1 | P15: 1 | U15: 1 | Z15: 1 | AA15: 2 | AC15: 1 | AF15: 1 | AJ15: 1 | AK15: 1 | AL15: 1 | AM15: 3 | AO15: 1 | AP15: 1 | AQ15: 1 | AS15: 1 | AT15: 1 | AU15: 2 | AX15: 1 | AY15: 1 | BA15: 3 | BB15: 1 | BE15: 1 | BF15: 1
A16: 9. | B16: Объектларни жисмоний қўриқловга олиш | C16: =+SUM(D16:BF16) -> 0
A17: шундан | B17: шаҳодатланган таркиб | C17: =+SUM(D17:BF17) -> 0
B18: ҳарбийлаштирилган соқчи | C18: =+SUM(D18:BF18) -> 0
B19: қоровуллик | C19: =+SUM(D19:BF19) -> 0

Sheet 02.08
A1: № | B1: Кўрсаткич | C1: жами | D1: Ал-Хоразмий | E1: Бахористон | F1: Бектўпи | G1: Гулистон | H1: Катта Хирмонтепа | I1: Тирсакобод | J1: Хайрабод | K1: Хирмон тепа | L1: Хонтўпи | M1: Шараф | N1: Шарқ | O1: Шарқ тонги | P1: Шухрат | Q1: 1-Чарх Камолон | R1: 2-Чарх Камолон | S1: 3-Чарх Камолон | T1: Бешёғоч | U1: Катта Козиробод | V1: Катта Олмазор | W1: Катта Чилонзор-1 | X1: Катта Чилонзор-2 | Y1: Катта Чилонзор-3 | Z1: Қозиробод | AA1: Новза | AB1: Чилонзор | AC1: 1-Қатортол | AD1: Бешчинор | AE1: Боғзор | AF1: Диёр | AG1: Дилобод | AH1: Катта Навбаҳор | AI1: Кўркам | AJ1: Кўтарма | AK1: Қатортол | AL1: Лутфий | AM1: Навбахор | AN1: Нафосат | AO1: Оқ-тепа | AP1: Халқлар Дўстлиги | AQ1: Чўпон-ота | AR1: 2-Қатортол | AS1: Ботирма | AT1: Бўрижар | AU1: Гавхар | AV1: Дўмбиробод | AW1: Зарқўрғон | AX1: Катта Дўмбиробод | AY1: Кичик Хирмонтепа | AZ1: Мевазор | BA1: Мехржон | BB1: Наққошлик | BC1: Фидокор | BD1: Яккабоғ | BE1: Яккатут | BF1: Бешқўрғон
A2: 1. | B2: Савдо ва маиший хизмат кўрсатиш объектларини техник қўриқловга олиш | C2: =+SUM(D2:BF2) -> 6 | D2: =+SUM(D3:D7) -> 0 | E2: =+SUM(E3:E7) -> 0 | F2: =+SUM(F3:F7) -> 0 | G2: =+SUM(G3:G7) -> 0 | H2: =+SUM(H3:H7) -> 0 | I2: =+SUM(I3:I7) -> 0 | J2: =+SUM(J3:J7) -> 0 | K2: =+SUM(K3:K7) -> 1 | ... BF2: =+SUM(BF3:BF7) -> 0
A3: шундан | B3: савдо дўконлари | C3: =+SUM(D3:BF3) -> 0
B4: спиртли ичимликлар дўконлари | C4: =+SUM(D4:BF4) -> 1 | AH4: 1
B5: умумий овқатланиш жойлари | C5: =+SUM(D5:BF5) -> 0
B6: компьютер-плейстейшн | C6: =+SUM(D6:BF6) -> 0
B7: бошқа турдаги объектлар | C7: =+SUM(D7:BF7) -> 5 | K7: 1 | R7: 1 | X7: 1 | AF7: 1 | AH7: 1
A8: 2. | B8: Кўп қаватли ва якка тартибдаги хонадонларни техник қўриқловга олиш | C8: =+SUM(D8:BF8) -> 12 | G8: 1 | AG8: 1 | AK8: 1 | AM8: 1 | AT8: 2 | AW8: 3 | BD8: 1 | BF8: 2
A9: 3. | B9: Кўп қаватли уйларнинг кириш йўлаклари олдига ташвиш тугмаларини ўрнатиш | C9: =+SUM(D9:BF9) -> 0
A10: 4. | B10: Кун давомида келиб тушган "ташвиш хабарлари" | C10: =+SUM(D10:BF10) -> 32 | F10: 2 | K10: 1 | T10: 4 | W10: 4 | Y10: 1 | Z10: 5 | AB10: 3 | AE10: 2 | AG10: 1 | AJ10: 2 | AK10: 1 | AM10: 2 | AN10: 1 | AS10: 1 | AY10: 1 | BB10: 1
A11: 4.1. | B11: Чақирувга асосан ҳодиса жойига етиб борган тезкор ҳаракатланувчи гуруҳ | C11: =+SUM(D11:BF11) -> 32 | F11: 2 | K11: 1 | T11: 4 | W11: 4 | Y11: 1 | Z11: 5 | AB11: 3 | AE11: 2 | AG11: 1 | AJ11: 2 | AK11: 1 | AM11: 2 | AN11: 1 | AS11: 1 | AY11: 1 | BB11: 1
A12: 5. | B12: тезкор ҳаракатланувчи гуруҳлар томонидан аниқланган жиноятлар | C12: =+SUM(D12:BF12) -> 0
A13: 6. | B13: тезкор ҳаракатланувчи гуруҳлар томонидан ушланган қидирувдаги шахслар | C13: =+SUM(D13:BF13) -> 0
A14: 7. | B14: Қўриқлаш хизмати афзалликлари бўйича тарғибот учрашувлари ўтказиш | C14: =+SUM(D14:BF14) -> 119 | D14: 3 | F14: 1 | G14: 2 | K14: 3 | L14: 1 | M14: 3 | P14: 4 | Q14: 1 | S14: 3 | T14: 3 | U14: 23 | X14: 2 | Z14: 2 | AA14: 2 | AB14: 3 | AF14: 5 | AG14: 3 | AH14: 2 | AI14: 3 | AK14: 3 | AL14: 5 | AM14: 3 | AN14: 2 | AO14: 4 | AQ14: 5 | AS14: 3 | AV14: 2 | AY14: 2 | AZ14: 3 | BA14: 5 | BC14: 5 | BE14: 3 | BF14: 5
A15: 8. | B15: “Объект қўриқловда!” ва “Хонадон қўриқловда!” стикерларини жойлаштириш | C15: =+SUM(D15:BF15) -> 27 | F15: 1 | J15: 1 | O15: 2 | R15: 1 | U15: 1 | X15: 2 | Z15: 1 | AC15: 1 | AF15: 1 | AK15: 2 | AL15: 1 | AO15: 2 | AP15: 1 | AQ15: 1 | AT15: 1 | AV15: 1 | AX15: 2 | AZ15: 1 | BB15: 1 | BE15: 2 | BF15: 1
A16: 9. | B16: Объектларни жисмоний қўриқловга олиш | C16: =+SUM(D16:BF16) -> 0
A17: шундан | B17: шаҳодатланган таркиб | C17: =+SUM(D17:BF17) -> 0
B18: ҳарбийлаштирилган соқчи | C18: =+SUM(D18:BF18) -> 0
B19: қоровуллик | C19: =+SUM(D19:BF19) -> 0

Sheet 02.09
A1: № | B1: Кўрсаткич | C1: жами | D1: Ал-Хоразмий | E1: Бахористон | F1: Бектўпи | G1: Гулистон | H1: Катта Хирмонтепа | I1: Тирсакобод | J1: Хайрабод | K1: Хирмон тепа | L1: Хонтўпи | M1: Шараф | N1: Шарқ | O1: Шарқ тонги | P1: Шухрат | Q1: 1-Чарх Камолон | R1: 2-Чарх Камолон | S1: 3-Чарх Камолон | T1: Бешёғоч | U1: Катта Козиробод | V1: Катта Олмазор | W1: Катта Чилонзор-1 | X1: Катта Чилонзор-2 | Y1: Катта Чилонзор-3 | Z1: Қозиробод | AA1: Новза | AB1: Чилонзор | AC1: 1-Қатортол | AD1: Бешчинор | AE1: Боғзор | AF1: Диёр | AG1: Дилобод | AH1: Катта Навбаҳор | AI1: Кўркам | AJ1: Кўтарма | AK1: Қатортол | AL1: Лутфий | AM1: Навбахор | AN1: Нафосат | AO1: Оқ-тепа | AP1: Халқлар Дўстлиги | AQ1: Чўпон-ота | AR1: 2-Қатортол | AS1: Ботирма | AT1: Бўрижар | AU1: Гавхар | AV1: Дўмбиробод | AW1: Зарқўрғон | AX1: Катта Дўмбиробод | AY1: Кичик Хирмонтепа | AZ1: Мевазор | BA1: Мехржон | BB1: Наққошлик | BC1: Фидокор | BD1: Яккабоғ | BE1: Яккатут | BF1: Бешқўрғон
A2: 1. | B2: Савдо ва маиший хизмат кўрсатиш объектларини техник қўриқловга олиш | C2: =+SUM(D2:BF2) -> 0 | D2: =+SUM(D3:D7) -> 0 | E2: =+SUM(E3:E7) -> 0 | F2: =+SUM(F3:F7) -> 0 | G2: =+SUM(G3:G7) -> 0 | H2: =+SUM(H3:H7) -> 0 | I2: =+SUM(I3:I7) -> 0 | J2: =+SUM(J3:J7) -> 0 | K2: =+SUM(K3:K7) -> 0 | ... BF2: =+SUM(BF3:BF7) -> 0
A3: шундан | B3: савдо дўконлари | C3: =+SUM(D3:BF3) -> 0
B4: спиртли ичимликлар дўконлари | C4: =+SUM(D4:BF4) -> 0
B5: умумий овқатланиш жойлари | C5: =+SUM(D5:BF5) -> 0
B6: компьютер-плейстейшн | C6: =+SUM(D6:BF6) -> 0
B7: бошқа турдаги объектлар | C7: =+SUM(D7:BF7) -> 0
A8: 2. | B8: Кўп қаватли ва якка тартибдаги хонадонларни техник қўриқловга олиш | C8: =+SUM(D8:BF8) -> 3 | AO8: 2 | BD8: 1
A9: 3. | B9: Кўп қаватли уйларнинг кириш йўлаклари олдига ташвиш тугмаларини ўрнатиш | C9: =+SUM(D9:BF9) -> 0
A10: 4. | B10: Кун давомида келиб тушган "ташвиш хабарлари" | C10: =+SUM(D10:BF10) -> 28 | F10: 2 | M10: 1 | Q10: 1 | T10: 3 | U10: 1 | W10: 3 | Y10: 2 | Z10: 4 | AB10: 1 | AE10: 1 | AI10: 1 | AJ10: 1 | AK10: 1 | AM10: 1 | AQ10: 1 | AS10: 1 | AV10: 1 | BB10: 1 | BE10: 1
A11: 4.1. | B11: Чақирувга асосан ҳодиса жойига етиб борган тезкор ҳаракатланувчи гуруҳ | C11: =+SUM(D11:BF11) -> 28 | F11: 2 | M11: 1 | Q11: 1 | T11: 3 | U11: 1 | W11: 3 | Y11: 2 | Z11: 4 | AB11: 1 | AE11: 1 | AI11: 1 | AJ11: 1 | AK11: 1 | AM11: 1 | AQ11: 1 | AS11: 1 | AV11: 1 | BB11: 1 | BE11: 1
A12: 5. | B12: тезкор ҳаракатланувчи гуруҳлар томонидан аниқланган жиноятлар | C12: =+SUM(D12:BF12) -> 0
A13: 6. | B13: тезкор ҳаракатланувчи гуруҳлар томонидан ушланган қидирувдаги шахслар | C13: =+SUM(D13:BF13) -> 0
A14: 7. | B14: Қўриқлаш хизмати афзалликлари бўйича тарғибот учрашувлари ўтказиш | C14: =+SUM(D14:BF14) -> 88 | D14: 3 | F14: 2 | H14: 5 | I14: 3 | J14: 3 | L14: 5 | P14: 3 | T14: 3 | V14: 3 | X14: 4 | Z14: 2 | AA14: 3 | AD14: 3 | AF14: 3 | AG14: 2 | AH14: 5 | AI14: 3 | AK14: 3 | AM14: 5 | AO14: 3 | AP14: 2 | AQ14: 5 | AS14: 3 | AY14: 3 | BC14: 2 | BE14: 2 | BF14: 5
A15: 8. | B15: “Объект қўриқловда!” ва “Хонадон қўриқловда!” стикерларини жойлаштириш | C15: =+SUM(D15:BF15) -> 17 | D15: 1 | F15: 1 | H15: 1 | P15: 1 | T15: 1 | V15: 1 | Y15: 2 | AF15: 1 | AG15: 1 | AJ15: 1 | AL15: 1 | AN15: 2 | AQ15: 1 | AS15: 1 | AY15: 1
A16: 9. | B16: Объектларни жисмоний қўриқловга олиш | C16: =+SUM(D16:BF16) -> 0
A17: шундан | B17: шаҳодатланган таркиб | C17: =+SUM(D17:BF17) -> 0
B18: ҳарбийлаштирилган соқчи | C18: =+SUM(D18:BF18) -> 0
B19: қоровуллик | C19: =+SUM(D19:BF19) -> 0

Sheet 02.10
A1: № | B1: Кўрсаткич | C1: жами | D1: Ал-Хоразмий | E1: Бахористон | F1: Бектўпи | G1: Гулистон | H1: Катта Хирмонтепа | I1: Тирсакобод | J1: Хайрабод | K1: Хирмон тепа | L1: Хонтўпи | M1: Шараф | N1: Шарқ | O1: Шарқ тонги | P1: Шухрат | Q1: 1-Чарх Камолон | R1: 2-Чарх Камолон | S1: 3-Чарх Камолон | T1: Бешёғоч | U1: Катта Козиробод | V1: Катта Олмазор | W1: Катта Чилонзор-1 | X1: Катта Чилонзор-2 | Y1: Катта Чилонзор-3 | Z1: Қозиробод | AA1: Новза | AB1: Чилонзор | AC1: 1-Қатортол | AD1: Бешчинор | AE1: Боғзор | AF1: Диёр | AG1: Дилобод | AH1: Катта Навбаҳор | AI1: Кўркам | AJ1: Кўтарма | AK1: Қатортол | AL1: Лутфий | AM1: Навбахор | AN1: Нафосат | AO1: Оқ-тепа | AP1: Халқлар Дўстлиги | AQ1: Чўпон-ота | AR1: 2-Қатортол | AS1: Ботирма | AT1: Бўрижар | AU1: Гавхар | AV1: Дўмбиробод | AW1: Зарқўрғон | AX1: Катта Дўмбиробод | AY1: Кичик Хирмонтепа | AZ1: Мевазор | BA1: Мехржон | BB1: Наққошлик | BC1: Фидокор | BD1: Яккабоғ | BE1: Яккатут | BF1: Бешқўрғон
A2: 1. | B2: Савдо ва маиший хизмат кўрсатиш объектларини техник қўриқловга олиш | C2: =+SUM(D2:BF2) -> 11 | D2: =+SUM(D3:D7) -> 0 | E2: =+SUM(E3:E7) -> 0 | F2: =+SUM(F3:F7) -> 1 | G2: =+SUM(G3:G7) -> 0 | H2: =+SUM(H3:H7) -> 1 | I2: =+SUM(I3:I7) -> 0 | J2: =+SUM(J3:J7) -> 0 | K2: =+SUM(K3:K7) -> 0 | ... BF2: =+SUM(BF3:BF7) -> 1
A3: шундан | B3: савдо дўконлари | C3: =+SUM(D3:BF3) -> 4 | F3: 1 | H3: 1 | N3: 1 | V3: 1
B4: спиртли ичимликлар дўконлари | C4: =+SUM(D4:BF4) -> 0
B5: умумий овқатланиш жойлари | C5: =+SUM(D5:BF5) -> 3 | X5: 1 | AW5: 1 | BF5: 1
B6: компьютер-плейстейшн | C6: =+SUM(D6:BF6) -> 0
B7: бошқа турдаги объектлар | C7: =+SUM(D7:BF7) -> 4 | M7: 1 | U7: 1 | V7: 1 | BA7: 1
A8: 2. | B8: Кўп қаватли ва якка тартибдаги хонадонларни техник қўриқловга олиш | C8: =+SUM(D8:BF8) -> 15 | F8: 2 | H8: 1 | L8: 1 | N8: 1 | P8: 1 | AA8: 1 | AH8: 1 | AO8: 1 | AR8: 1 | AT8: 1 | AU8: 1 | AW8: 1 | BA8: 1 | BC8: 1
A9: 3. | B9: Кўп қаватли уйларнинг кириш йўлаклари олдига ташвиш тугмаларини ўрнатиш | C9: =+SUM(D9:BF9) -> 0
A10: 4. | B10: Кун давомида келиб тушган "ташвиш хабарлари" | C10: =+SUM(D10:BF10) -> 14 | F10: 2 | I10: 1 | J10: 1 | S10: 1 | AC10: 1 | AG10: 3 | AQ10: 1 | AU10: 1 | BF10: 3
A11: 4.1. | B11: Чақирувга асосан ҳодиса жойига етиб борган тезкор ҳаракатланувчи гуруҳ | C11: =+SUM(D11:BF11) -> 14 | F11: 2 | I11: 1 | J11: 1 | S11: 1 | AC11: 1 | AG11: 3 | AQ11: 1 | AU11: 1 | BF11: 3
A12: 5. | B12: тезкор ҳаракатланувчи гуруҳлар томонидан аниқланган жиноятлар | C12: =+SUM(D12:BF12) -> 0
A13: 6. | B13: тезкор ҳаракатланувчи гуруҳлар томонидан ушланган қидирувдаги шахслар | C13: =+SUM(D13:BF13) -> 0
A14: 7. | B14: Қўриқлаш хизмати афзалликлари бўйича тарғибот учрашувлари ўтказиш | C14: =+SUM(D14:BF14) -> 195 | D14: 5 | E14: 3 | F14: 6 | G14: 8 | H14: 3 | I14: 2 | J14: 5 | K14: 7 | L14: 5 | M14: 3 | N14: 3 | O14: 2 | P14: 4 | Q14: 3 | S14: 5 | T14: 3 | U14: 3 | V14: 5 | W14: 2 | X14: 4 | Z14: 5 | AA14: 3 | AB14: 6 | AC14: 3 | AD14: 5 | AE14: 2 | AF14: 1 | AG14: 5 | AH14: 2 | AI14: 3 | AK14: 5 | AL14: 2 | AM14: 35 | AN14: 2 | AP14: 5 | AQ14: 3 | AS14: 2 | AU14: 2 | AV14: 2 | AX14: 3 | AY14: 2 | AZ14: 2 | BA14: 3 | BB14: 2 | BC14: 1 | BD14: 3 | BE14: 2 | BF14: 3
A15: 8. | B15: “Объект қўриқловда!” ва “Хонадон қўриқловда!” стикерларини жойлаштириш | C15: =+SUM(D15:BF15) -> 52 | E15: 1 | H15: 2 | K15: 1 | N15: 3 | O15: 1 | R15: 1 | T15: 1 | V15: 3 | Y15: 1 | Z15: 3 | AB15: 2 | AC15: 1 | AE15: 2 | AG15: 3 | AH15: 2 | AI15: 1 | AJ15: 2 | AK15: 3 | AL15: 1 | AP15: 3 | AQ15: 1 | AT15: 2 | AW15: 3 | AY15: 2 | BA15: 2 | BC15: 3 | BE15: 1 | BF15: 1
A16: 9. | B16: Объектларни жисмоний қўриқловга олиш | C16: =+SUM(D16:BF16) -> 0
A17: шундан | B17: шаҳодатланган таркиб | C17: =+SUM(D17:BF17) -> 0
B18: ҳарбийлаштирилган соқчи | C18: =+SUM(D18:BF18) -> 0
B19: қоровуллик | C19: =+SUM(D19:BF19) -> 0

Sheet 02.11
A1: № | B1: Кўрсаткич | C1: жами | D1: Ал-Хоразмий | E1: Бахористон | F1: Бектўпи | G1: Гулистон | H1: Катта Хирмонтепа | I1: Тирсакобод | J1: Хайрабод | K1: Хирмон тепа | L1: Хонтўпи | M1: Шараф | N1: Шарқ | O1: Шарқ тонги | P1: Шухрат | Q1: 1-Чарх Камолон | R1: 2-Чарх Камолон | S1: 3-Чарх Камолон | T1: Бешёғоч | U1: Катта Козиробод | V1: Катта Олмазор | W1: Катта Чилонзор-1 | X1: Катта Чилонзор-2 | Y1: Катта Чилонзор-3 | Z1: Қозиробод | AA1: Новза | AB1: Чилонзор | AC1: 1-Қатортол | AD1: Бешчинор | AE1: Боғзор | AF1: Диёр | AG1: Дилобод | AH1: Катта Навбаҳор | AI1: Кўркам | AJ1: Кўтарма | AK1: Қатортол | AL1: Лутфий | AM1: Навбахор | AN1: Нафосат | AO1: Оқ-тепа | AP1: Халқлар Дўстлиги | AQ1: Чўпон-ота | AR1: 2-Қатортол | AS1: Ботирма | AT1: Бўрижар | AU1: Гавхар | AV1: Дўмбиробод | AW1: Зарқўрғон | AX1: Катта Дўмбиробод | AY1: Кичик Хирмонтепа | AZ1: Мевазор | BA1: Мехржон | BB1: Наққошлик | BC1: Фидокор | BD1: Яккабоғ | BE1: Яккатут | BF1: Бешқўрғон
A2: 1. | B2: Савдо ва маиший хизмат кўрсатиш объектларини техник қўриқловга олиш | C2: =+SUM(D2:BF2) -> 6 | D2: =+SUM(D3:D7) -> 0 | E2: =+SUM(E3:E7) -> 0 | F2: =+SUM(F3:F7) -> 0 | G2: =+SUM(G3:G7) -> 0 | H2: =+SUM(H3:H7) -> 1 | I2: =+SUM(I3:I7) -> 0 | J2: =+SUM(J3:J7) -> 0 | K2: =+SUM(K3:K7) -> 0 | ... BF2: =+SUM(BF3:BF7) -> 0
A3: шундан | B3: савдо дўконлари | C3: =+SUM(D3:BF3) -> 2 | H3: 1 | AT3: 1
B4: спиртли ичимликлар дўконлари | C4: =+SUM(D4:BF4) -> 0
B5: умумий овқатланиш жойлари | C5: =+SUM(D5:BF5) -> 1 | AQ5: 1
B6: компьютер-плейстейшн | C6: =+SUM(D6:BF6) -> 0
B7: бошқа турдаги объектлар | C7: =+SUM(D7:BF7) -> 3 | O7: 1 | U7: 1 | Y7: 1
A8: 2. | B8: Кўп қаватли ва якка тартибдаги хонадонларни техник қўриқловга олиш | C8: =+SUM(D8:BF8) -> 12 | L8: 3 | T8: 2 | AA8: 1 | AE8: 1 | AS8: 2 | AU8: 1 | BB8: 2
A9: 3. | B9: Кўп қаватли уйларнинг кириш йўлаклари олдига ташвиш тугмаларини ўрнатиш | C9: =+SUM(D9:BF9) -> 0
A10: 4. | B10: Кун давомида келиб тушган "ташвиш хабарлари" | C10: =+SUM(D10:BF10) -> 45 | F10: 7 | I10: 1 | J10: 1 | K10: 1 | S10: 1 | T10: 1 | U10: 1 | W10: 2 | X10: 2 | Y10: 2 | AC10: 1 | AG10: 7 | AM10: 3 | AN10: 2 | AP10: 2 | AQ10: 1 | AS10: 3 | AU10: 1 | AY10: 2 | BF10: 4
A11: 4.1. | B11: Чақирувга асосан ҳодиса жойига етиб борган тезкор ҳаракатланувчи гуруҳ | C11: =+SUM(D11:BF11) -> 45 | F11: 7 | I11: 1 | J11: 1 | K11: 1 | S11: 1 | T11: 1 | U11: 1 | W11: 2 | X11: 2 | Y11: 2 | AC11: 1 | AG11: 7 | AM11: 3 | AN11: 2 | AP11: 2 | AQ11: 1 | AS11: 3 | AU11: 1 | AY11: 2 | BF11: 4
A12: 5. | B12: тезкор ҳаракатланувчи гуруҳлар томонидан аниқланган жиноятлар | C12: =+SUM(D12:BF12) -> 0
A13: 6. | B13: тезкор ҳаракатланувчи гуруҳлар томонидан ушланган қидирувдаги шахслар | C13: =+SUM(D13:BF13) -> 0
A14: 7. | B14: Қўриқлаш хизмати афзалликлари бўйича тарғибот учрашувлари ўтказиш | C14: =+SUM(D14:BF14) -> 67 | Y14: 32 | AY14: 35
A15: 8. | B15: “Объект қўриқловда!” ва “Хонадон қўриқловда!” стикерларини жойлаштириш | C15: =+SUM(D15:BF15) -> 0
A16: 9. | B16: Объектларни жисмоний қўриқловга олиш | C16: =+SUM(D16:BF16) -> 0
A17: шундан | B17: шаҳодатланган таркиб | C17: =+SUM(D17:BF17) -> 0
B18: ҳарбийлаштирилган соқчи | C18: =+SUM(D18:BF18) -> 0
B19: қоровуллик | C19: =+SUM(D19:BF19) -> 0

Sheet 02.12
A1: № | B1: Кўрсаткич | C1: жами | D1: Ал-Хоразмий | E1: Бахористон | F1: Бектўпи | G1: Гулистон | H1: Катта Хирмонтепа | I1: Тирсакобод | J1: Хайрабод | K1: Хирмон тепа | L1: Хонтўпи | M1: Шараф | N1: Шарқ | O1: Шарқ тонги | P1: Шухрат | Q1: 1-Чарх Камолон | R1: 2-Чарх Камолон | S1: 3-Чарх Камолон | T1: Бешёғоч | U1: Катта Козиробод | V1: Катта Олмазор | W1: Катта Чилонзор-1 | X1: Катта Чилонзор-2 | Y1: Катта Чилонзор-3 | Z1: Қозиробод | AA1: Новза | AB1: Чилонзор | AC1: 1-Қатортол | AD1: Бешчинор | AE1: Боғзор | AF1: Диёр | AG1: Дилобод | AH1: Катта Навбаҳор | AI1: Кўркам | AJ1: Кўтарма | AK1: Қатортол | AL1: Лутфий | AM1: Навбахор | AN1: Нафосат | AO1: Оқ-тепа | AP1: Халқлар Дўстлиги | AQ1: Чўпон-ота | AR1: 2-Қатортол | AS1: Ботирма | AT1: Бўрижар | AU1: Гавхар | AV1: Дўмбиробод | AW1: Зарқўрғон | AX1: Катта Дўмбиробод | AY1: Кичик Хирмонтепа | AZ1: Мевазор | BA1: Мехржон | BB1: Наққошлик | BC1: Фидокор | BD1: Яккабоғ | BE1: Яккатут | BF1: Бешқўрғон
A2: 1. | B2: Савдо ва маиший хизмат кўрсатиш объектларини техник қўриқловга олиш | C2: =+SUM(D2:BF2) -> 7 | D2: =+SUM(D3:D7) -> 0 | E2: =+SUM(E3:E7) -> 0 | F2: =+SUM(F3:F7) -> 0 | G2: =+SUM(G3:G7) -> 0 | H2: =+SUM(H3:H7) -> 0 | I2: =+SUM(I3:I7) -> 0 | J2: =+SUM(J3:J7) -> 0 | K2: =+SUM(K3:K7) -> 0 | ... BF2: =+SUM(BF3:BF7) -> 1
A3: шундан | B3: савдо дўконлари | C3: =+SUM(D3:BF3) -> 3 | AG3: 1 | AM3: 1 | AY3: 1
B4: спиртли ичимликлар дўконлари | C4: =+SUM(D4:BF4) -> 0
B5: умумий овқатланиш жойлари | C5: =+SUM(D5:BF5) -> 0
B6: компьютер-плейстейшн | C6: =+SUM(D6:BF6) -> 1 | AS6: 1
B7: бошқа турдаги объектлар | C7: =+SUM(D7:BF7) -> 3 | AC7: 2 | BF7: 1
A8: 2. | B8: Кўп қаватли ва якка тартибдаги хонадонларни техник қўриқловга олиш | C8: =+SUM(D8:BF8) -> 7 | H8: 3 | I8: 1 | N8: 1 | AU8: 1 | BF8: 1
A9: 3. | B9: Кўп қаватли уйларнинг кириш йўлаклари олдига ташвиш тугмаларини ўрнатиш | C9: =+SUM(D9:BF9) -> 0
A10: 4. | B10: Кун давомида келиб тушган "ташвиш хабарлари" | C10: =+SUM(D10:BF10) -> 11 | R10: 1 | S10: 1 | Y10: 1 | AA10: 1 | AG10: 2 | AM10: 1 | AN10: 1 | AV10: 1 | BA10: 2
A11: 4.1. | B11: Чақирувга асосан ҳодиса жойига етиб борган тезкор ҳаракатланувчи гуруҳ | C11: =+SUM(D11:BF11) -> 11 | R11: 1 | S11: 1 | Y11: 1 | AA11: 1 | AG11: 2 | AM11: 1 | AN11: 1 | AV11: 1 | BA11: 2
A12: 5. | B12: тезкор ҳаракатланувчи гуруҳлар томонидан аниқланган жиноятлар | C12: =+SUM(D12:BF12) -> 0
A13: 6. | B13: тезкор ҳаракатланувчи гуруҳлар томонидан ушланган қидирувдаги шахслар | C13: =+SUM(D13:BF13) -> 0
A14: 7. | B14: Қўриқлаш хизмати афзалликлари бўйича тарғибот учрашувлари ўтказиш | C14: =+SUM(D14:BF14) -> 95 | D14: 3 | E14: 2 | F14: 2 | G14: 3 | I14: 2 | J14: 2 | K14: 3 | O14: 2 | Q14: 3 | S14: 4 | T14: 2 | W14: 3 | X14: 2 | AA14: 5 | AD14: 2 | AF14: 5 | AG14: 3 | AH14: 2 | AI14: 3 | AK14: 3 | AL14: 5 | AO14: 5 | AP14: 1 | AQ14: 3 | AS14: 2 | AV14: 2 | AX14: 3 | AZ14: 3 | BA14: 4 | BB14: 2 | BC14: 5 | BE14: 2 | BF14: 2
A15: 8. | B15: “Объект қўриқловда!” ва “Хонадон қўриқловда!” стикерларини жойлаштириш | C15: =+SUM(D15:BF15) -> 37 | D15: 1 | I15: 1 | K15: 1 | O15: 1 | Q15: 3 | U15: 2 | X15: 2 | AA15: 1 | AC15: 2 | AF15: 2 | AI15: 2 | AJ15: 2 | AL15: 2 | AN15: 3 | AO15: 1 | AS15: 3 | AU15: 2 | AX15: 2 | BB15: 2 | BD15: 1 | BF15: 1
A16: 9. | B16: Объектларни жисмоний қўриқловга олиш | C16: =+SUM(D16:BF16) -> 0
A17: шундан | B17: шаҳодатланган таркиб | C17: =+SUM(D17:BF17) -> 0
B18: ҳарбийлаштирилган соқчи | C18: =+SUM(D18:BF18) -> 0
B19: қоровуллик | C19: =+SUM(D19:BF19) -> 0

Sheet 02.13
A1: № | B1: Кўрсаткич | C1: жами | D1: Ал-Хоразмий | E1: Бахористон | F1: Бектўпи | G1: Гулистон | H1: Катта Хирмонтепа | I1: Тирсакобод | J1: Хайрабод | K1: Хирмон тепа | L1: Хонтўпи | M1: Шараф | N1: Шарқ | O1: Шарқ тонги | P1: Шухрат | Q1: 1-Чарх Камолон | R1: 2-Чарх Камолон | S1: 3-Чарх Камолон | T1: Бешёғоч | U1: Катта Козиробод | V1: Катта Олмазор | W1: Катта Чилонзор-1 | X1: Катта Чилонзор-2 | Y1: Катта Чилонзор-3 | Z1: Қозиробод | AA1: Новза | AB1: Чилонзор | AC1: 1-Қатортол | AD1: Бешчинор | AE1: Боғзор | AF1: Диёр | AG1: Дилобод | AH1: Катта Навбаҳор | AI1: Кўркам | AJ1: Кўтарма | AK1: Қатортол | AL1: Лутфий | AM1: Навбахор | AN1: Нафосат | AO1: Оқ-тепа | AP1: Халқлар Дўстлиги | AQ1: Чўпон-ота | AR1: 2-Қатортол | AS1: Ботирма | AT1: Бўрижар | AU1: Гавхар | AV1: Дўмбиробод | AW1: Зарқўрғон | AX1: Катта Дўмбиробод | AY1: Кичик Хирмонтепа | AZ1: Мевазор | BA1: Мехржон | BB1: Наққошлик | BC1: Фидокор | BD1: Яккабоғ | BE1: Яккатут | BF1: Бешқўрғон
A2: 1. | B2: Савдо ва маиший хизмат кўрсатиш объектларини техник қўриқловга олиш | C2: =+SUM(D2:BF2) -> 5 | D2: =+SUM(D3:D7) -> 0 | E2: =+SUM(E3:E7) -> 0 | F2: =+SUM(F3:F7) -> 0 | G2: =+SUM(G3:G7) -> 0 | H2: =+SUM(H3:H7) -> 0 | I2: =+SUM(I3:I7) -> 0 | J2: =+SUM(J3:J7) -> 0 | K2: =+SUM(K3:K7) -> 0 | ... BF2: =+SUM(BF3:BF7) -> 0
A3: шундан | B3: савдо дўконлари | C3: =+SUM(D3:BF3) -> 2 | AM3: 2
B4: спиртли ичимликлар дўконлари | C4: =+SUM(D4:BF4) -> 0
B5: умумий овқатланиш жойлари | C5: =+SUM(D5:BF5) -> 1 | AM5: 1
B6: компьютер-плейстейшн | C6: =+SUM(D6:BF6) -> 0
B7: бошқа турдаги объектлар | C7: =+SUM(D7:BF7) -> 2 | AM7: 1 | AY7: 1
A8: 2. | B8: Кўп қаватли ва якка тартибдаги хонадонларни техник қўриқловга олиш | C8: =+SUM(D8:BF8) -> 5 | H8: 2 | AB8: 1 | BA8: 1 | BE8: 1
A9: 3. | B9: Кўп қаватли уйларнинг кириш йўлаклари олдига ташвиш тугмаларини ўрнатиш | C9: =+SUM(D9:BF9) -> 0
A10: 4. | B10: Кун давомида келиб тушган "ташвиш хабарлари" | C10: =+SUM(D10:BF10) -> 31 | F10: 1 | R10: 2 | S10: 1 | W10: 1 | X10: 1 | Y10: 4 | AA10: 1 | AG10: 4 | AK10: 1 | AM10: 5 | AN10: 1 | AS10: 2 | AV10: 1 | AY10: 1 | BA10: 3 | BB10: 1 | BF10: 1
A11: 4.1. | B11: Чақирувга асосан ҳодиса жойига етиб борган тезкор ҳаракатланувчи гуруҳ | C11: =+SUM(D11:BF11) -> 31 | F11: 1 | R11: 2 | S11: 1 | W11: 1 | X11: 1 | Y11: 4 | AA11: 1 | AG11: 4 | AK11: 1 | AM11: 5 | AN11: 1 | AS11: 2 | AV11: 1 | AY11: 1 | BA11: 3 | BB11: 1 | BF11: 1
A12: 5. | B12: тезкор ҳаракатланувчи гуруҳлар томонидан аниқланган жиноятлар | C12: =+SUM(D12:BF12) -> 0
A13: 6. | B13: тезкор ҳаракатланувчи гуруҳлар томонидан ушланган қидирувдаги шахслар | C13: =+SUM(D13:BF13) -> 0
A14: 7. | B14: Қўриқлаш хизмати афзалликлари бўйича тарғибот учрашувлари ўтказиш | C14: =+SUM(D14:BF14) -> 151 | D14: 2 | E14: 3 | F14: 5 | G14: 2 | H14: 3 | I14: 3 | J14: 2 | K14: 2 | L14: 3 | M14: 2 | N14: 2 | O14: 3 | P14: 4 | Q14: 2 | R14: 3 | S14: 3 | T14: 5 | U14: 2 | V14: 3 | W14: 2 | X14: 2 | Y14: 2 | Z14: 5 | AA14: 2 | AB14: 3 | AC14: 2 | AD14: 2 | AE14: 2 | AF14: 3 | AG14: 2 | AH14: 3 | AI14: 2 | AJ14: 2 | AK14: 3 | AL14: 2 | AM14: 3 | AN14: 2 | AO14: 4 | AP14: 2 | AQ14: 2 | AR14: 3 | AS14: 2 | AT14: 3 | AU14: 2 | AV14: 2 | AW14: 2 | AX14: 3 | AY14: 2 | AZ14: 3 | BA14: 5 | BB14: 2 | BC14: 3 | BD14: 5 | BE14: 2 | BF14: 6
A15: 8. | B15: “Объект қўриқловда!” ва “Хонадон қўриқловда!” стикерларини жойлаштириш | C15: =+SUM(D15:BF15) -> 17 | M15: 1 | Q15: 1 | T15: 3 | Z15: 2 | AD15: 1 | AI15: 1 | AM15: 2 | AQ15: 2 | AW15: 1 | BD15: 2 | BF15: 1
A16: 9. | B16: Объектларни жисмоний қўриқловга олиш | C16: =+SUM(D16:BF16) -> 0
A17: шундан | B17: шаҳодатланган таркиб | C17: =+SUM(D17:BF17) -> 0
B18: ҳарбийлаштирилган соқчи | C18: =+SUM(D18:BF18) -> 0
B19: қоровуллик | C19: =+SUM(D19:BF19) -> 0

Sheet 02.14
A1: № | B1: Кўрсаткич | C1: жами | D1: Ал-Хоразмий | E1: Бахористон | F1: Бектўпи | G1: Гулистон | H1: Катта Хирмонтепа | I1: Тирсакобод | J1: Хайрабод | K1: Хирмон тепа | L1: Хонтўпи | M1: Шараф | N1: Шарқ | O1: Шарқ тонги | P1: Шухрат | Q1: 1-Чарх Камолон | R1: 2-Чарх Камолон | S1: 3-Чарх Камолон | T1: Бешёғоч | U1: Катта Козиробод | V1: Катта Олмазор | W1: Катта Чилонзор-1 | X1: Катта Чилонзор-2 | Y1: Катта Чилонзор-3 | Z1: Қозиробод | AA1: Новза | AB1: Чилонзор | AC1: 1-Қатортол | AD1: Бешчинор | AE1: Боғзор | AF1: Диёр | AG1: Дилобод | AH1: Катта Навбаҳор | AI1: Кўркам | AJ1: Кўтарма | AK1: Қатортол | AL1: Лутфий | AM1: Навбахор | AN1: Нафосат | AO1: Оқ-тепа | AP1: Халқлар Дўстлиги | AQ1: Чўпон-ота | AR1: 2-Қатортол | AS1: Ботирма | AT1: Бўрижар | AU1: Гавхар | AV1: Дўмбиробод | AW1: Зарқўрғон | AX1: Катта Дўмбиробод | AY1: Кичик Хирмонтепа | AZ1: Мевазор | BA1: Мехржон | BB1: Наққошлик | BC1: Фидокор | BD1: Яккабоғ | BE1: Яккатут | BF1: Бешқўрғон
A2: 1. | B2: Савдо ва маиший хизмат кўрсатиш объектларини техник қўриқловга олиш | C2: =+SUM(D2:BF2) -> 4 | D2: =+SUM(D3:D7) -> 0 | E2: =+SUM(E3:E7) -> 0 | F2: =+SUM(F3:F7) -> 0 | G2: =+SUM(G3:G7) -> 0 | H2: =+SUM(H3:H7) -> 0 | I2: =+SUM(I3:I7) -> 0 | J2: =+SUM(J3:J7) -> 0 | K2: =+SUM(K3:K7) -> 0 | ... BF2: =+SUM(BF3:BF7) -> 0
A3: шундан | B3: савдо дўконлари | C3: =+SUM(D3:BF3) -> 2 | AT3: 2
B4: спиртли ичимликлар дўконлари | C4: =+SUM(D4:BF4) -> 0
B5: умумий овқатланиш жойлари | C5: =+SUM(D5:BF5) -> 0
B6: компьютер-плейстейшн | C6: =+SUM(D6:BF6) -> 0
B7: бошқа турдаги объектлар | C7: =+SUM(D7:BF7) -> 2 | AM7: 1 | BA7: 1
A8: 2. | B8: Кўп қаватли ва якка тартибдаги хонадонларни техник қўриқловга олиш | C8: =+SUM(D8:BF8) -> 3 | F8: 1 | H8: 1 | S8: 1
A9: 3. | B9: Кўп қаватли уйларнинг кириш йўлаклари олдига ташвиш тугмаларини ўрнатиш | C9: =+SUM(D9:BF9) -> 0
A10: 4. | B10: Кун давомида келиб тушган "ташвиш хабарлари" | C10: =+SUM(D10:BF10) -> 30 | F10: 1 | R10: 1 | S10: 1 | W10: 1 | X10: 1 | Y10: 5 | AA10: 1 | AG10: 4 | AK10: 1 | AM10: 6 | AN10: 1 | AS10: 2 | AY10: 1 | BA10: 3 | BF10: 1
A11: 4.1. | B11: Чақирувга асосан ҳодиса жойига етиб борган тезкор ҳаракатланувчи гуруҳ | C11: =+SUM(D11:BF11) -> 30 | F11: 1 | R11: 1 | S11: 1 | W11: 1 | X11: 1 | Y11: 5 | AA11: 1 | AG11: 4 | AK11: 1 | AM11: 6 | AN11: 1 | AS11: 2 | AY11: 1 | BA11: 3 | BF11: 1
A12: 5. | B12: тезкор ҳаракатланувчи гуруҳлар томонидан аниқланган жиноятлар | C12: =+SUM(D12:BF12) -> 0
A13: 6. | B13: тезкор ҳаракатланувчи гуруҳлар томонидан ушланган қидирувдаги шахслар | C13: =+SUM(D13:BF13) -> 0
A14: 7. | B14: Қўриқлаш хизмати афзалликлари бўйича тарғибот учрашувлари ўтказиш | C14: =+SUM(D14:BF14) -> 89 | D14: 2 | F14: 3 | G14: 6 | H14: 2 | J14: 3 | L14: 2 | O14: 3 | P14: 2 | S14: 3 | V14: 5 | X14: 2 | Z14: 2 | AA14: 5 | AC14: 3 | AD14: 2 | AE14: 5 | AG14: 2 | AH14: 3 | AK14: 3 | AL14: 2 | AM14: 3 | AN14: 2 | AP14: 3 | AR14: 2 | AS14: 2 | AU14: 5 | AW14: 3 | AZ14: 3 | BB14: 2 | BE14: 2 | BF14: 2
A15: 8. | B15: “Объект қўриқловда!” ва “Хонадон қўриқловда!” стикерларини жойлаштириш | C15: =+SUM(D15:BF15) -> 14 | F15: 1 | K15: 1 | P15: 1 | Z15: 1 | AB15: 1 | AH15: 1 | AL15: 2 | AT15: 1 | AV15: 2 | AZ15: 2 | BE15: 1
A16: 9. | B16: Объектларни жисмоний қўриқловга олиш | C16: =+SUM(D16:BF16) -> 0
A17: шундан | B17: шаҳодатланган таркиб | C17: =+SUM(D17:BF17) -> 0
B18: ҳарбийлаштирилган соқчи | C18: =+SUM(D18:BF18) -> 0
B19: қоровуллик | C19: =+SUM(D19:BF19) -> 0

Sheet 02.15
A1: № | B1: Кўрсаткич | C1: жами | D1: Ал-Хоразмий | E1: Бахористон | F1: Бектўпи | G1: Гулистон | H1: Катта Хирмонтепа | I1: Тирсакобод | J1: Хайрабод | K1: Хирмон тепа | L1: Хонтўпи | M1: Шараф | N1: Шарқ | O1: Шарқ тонги | P1: Шухрат | Q1: 1-Чарх Камолон | R1: 2-Чарх Камолон | S1: 3-Чарх Камолон | T1: Бешёғоч | U1: Катта Козиробод | V1: Катта Олмазор | W1: Катта Чилонзор-1 | X1: Катта Чилонзор-2 | Y1: Катта Чилонзор-3 | Z1: Қозиробод | AA1: Новза | AB1: Чилонзор | AC1: 1-Қатортол | AD1: Бешчинор | AE1: Боғзор | AF1: Диёр | AG1: Дилобод | AH1: Катта Навбаҳор | AI1: Кўркам | AJ1: Кўтарма | AK1: Қатортол | AL1: Лутфий | AM1: Навбахор | AN1: Нафосат | AO1: Оқ-тепа | AP1: Халқлар Дўстлиги | AQ1: Чўпон-ота | AR1: 2-Қатортол | AS1: Ботирма | AT1: Бўрижар | AU1: Гавхар | AV1: Дўмбиробод | AW1: Зарқўрғон | AX1: Катта Дўмбиробод | AY1: Кичик Хирмонтепа | AZ1: Мевазор | BA1: Мехржон | BB1: Наққошлик | BC1: Фидокор | BD1: Яккабоғ | BE1: Яккатут | BF1: Бешқўрғон
A2: 1. | B2: Савдо ва маиший хизмат кўрсатиш объектларини техник қўриқловга олиш | C2: =+SUM(D2:BF2) -> 9 | D2: =+SUM(D3:D7) -> 0 | E2: =+SUM(E3:E7) -> 0 | F2: =+SUM(F3:F7) -> 0 | G2: =+SUM(G3:G7) -> 0 | H2: =+SUM(H3:H7) -> 1 | I2: =+SUM(I3:I7) -> 0 | J2: =+SUM(J3:J7) -> 0 | K2: =+SUM(K3:K7) -> 0 | ... BF2: =+SUM(BF3:BF7) -> 1
A3: шундан | B3: савдо дўконлари | C3: =+SUM(D3:BF3) -> 3 | AM3: 2 | AX3: 1
B4: спиртли ичимликлар дўконлари | C4: =+SUM(D4:BF4) -> 0
B5: умумий овқатланиш жойлари | C5: =+SUM(D5:BF5) -> 3 | P5: 1 | AJ5: 1 | AO5: 1
B6: компьютер-плейстейшн | C6: =+SUM(D6:BF6) -> 0
B7: бошқа турдаги объектлар | C7: =+SUM(D7:BF7) -> 3 | H7: 1 | AM7: 1 | BF7: 1
A8: 2. | B8: Кўп қаватли ва якка тартибдаги хонадонларни техник қўриқловга олиш | C8: =+SUM(D8:BF8) -> 4 | H8: 1 | AO8: 1 | BB8: 1 | BF8: 1
A9: 3. | B9: Кўп қаватли уйларнинг кириш йўлаклари олдига ташвиш тугмаларини ўрнатиш | C9: =+SUM(D9:BF9) -> 0
A10: 4. | B10: Кун давомида келиб тушган "ташвиш хабарлари" | C10: =+SUM(D10:BF10) -> 22 | F10: 1 | R10: 1 | X10: 1 | Y10: 2 | AA10: 1 | AG10: 3 | AM10: 7 | AN10: 1 | AS10: 2 | AY10: 1 | BA10: 1 | BF10: 1
A11: 4.1. | B11: Чақирувга асосан ҳодиса жойига етиб борган тезкор ҳаракатланувчи гуруҳ | C11: =+SUM(D11:BF11) -> 22 | F11: 1 | R11: 1 | X11: 1 | Y11: 2 | AA11: 1 | AG11: 3 | AM11: 7 | AN11: 1 | AS11: 2 | AY11: 1 | BA11: 1 | BF11: 1
A12: 5. | B12: тезкор ҳаракатланувчи гуруҳлар томонидан аниқланган жиноятлар | C12: =+SUM(D12:BF12) -> 0
A13: 6. | B13: тезкор ҳаракатланувчи гуруҳлар томонидан ушланган қидирувдаги шахслар | C13: =+SUM(D13:BF13) -> 0
A14: 7. | B14: Қўриқлаш хизмати афзалликлари бўйича тарғибот учрашувлари ўтказиш | C14: =+SUM(D14:BF14) -> 323 | D14: 3 | E14: 8 | F14: 9 | G14: 11 | H14: 9 | I14: 6 | J14: 4 | K14: 2 | L14: 9 | M14: 8 | N14: 9 | O14: 6 | P14: 5 | Q14: 8 | R14: 9 | S14: 8 | T14: 10 | U14: 6 | V14: 9 | W14: 6 | X14: 4 | Y14: 8 | Z14: 6 | AA14: 5 | AB14: 8 | AC14: 9 | AD14: 3 | AE14: 8 | AF14: 5 | AG14: 4 | AH14: 2 | AI14: 3 | AJ14: 2 | AK14: 5 | AL14: 4 | AM14: 3 | AN14: 6 | AO14: 1 | AP14: 3 | AQ14: 5 | AR14: 3 | AS14: 2 | AT14: 4 | AU14: 8 | AV14: 9 | AW14: 6 | AX14: 5 | AY14: 11 | AZ14: 3 | BA14: 4 | BB14: 5 | BC14: 9 | BD14: 7 | BE14: 5 | BF14: 3
A15: 8. | B15: “Объект қўриқловда!” ва “Хонадон қўриқловда!” стикерларини жойлаштириш | C15: =+SUM(D15:BF15) -> 34 | F15: 6 | T15: 8 | Y15: 8 | AA15: 12
A16: 9. | B16: Объектларни жисмоний қўриқловга олиш | C16: =+SUM(D16:BF16) -> 0
A17: шундан | B17: шаҳодатланган таркиб | C17: =+SUM(D17:BF17) -> 0
B18: ҳарбийлаштирилган соқчи | C18: =+SUM(D18:BF18) -> 0
B19: қоровуллик | C19: =+SUM(D19:BF19) -> 0

Sheet 02.16
A1: № | B1: Кўрсаткич | C1: жами | D1: Ал-Хоразмий | E1: Бахористон | F1: Бектўпи | G1: Гулистон | H1: Катта Хирмонтепа | I1: Тирсакобод | J1: Хайрабод | K1: Хирмон тепа | L1: Хонтўпи | M1: Шараф | N1: Шарқ | O1: Шарқ тонги | P1: Шухрат | Q1: 1-Чарх Камолон | R1: 2-Чарх Камолон | S1: 3-Чарх Камолон | T1: Бешёғоч | U1: Катта Козиробод | V1: Катта Олмазор | W1: Катта Чилонзор-1 | X1: Катта Чилонзор-2 | Y1: Катта Чилонзор-3 | Z1: Қозиробод | AA1: Новза | AB1: Чилонзор | AC1: 1-Қатортол | AD1: Бешчинор | AE1: Боғзор | AF1: Диёр | AG1: Дилобод | AH1: Катта Навбаҳор | AI1: Кўркам | AJ1: Кўтарма | AK1: Қатортол | AL1: Лутфий | AM1: Навбахор | AN1: Нафосат | AO1: Оқ-тепа | AP1: Халқлар Дўстлиги | AQ1: Чўпон-ота | AR1: 2-Қатортол | AS1: Ботирма | AT1: Бўрижар | AU1: Гавхар | AV1: Дўмбиробод | AW1: Зарқўрғон | AX1: Катта Дўмбиробод | AY1: Кичик Хирмонтепа | AZ1: Мевазор | BA1: Мехржон | BB1: Наққошлик | BC1: Фидокор | BD1: Яккабоғ | BE1: Яккатут | BF1: Бешқўрғон
A2: 1. | B2: Савдо ва маиший хизмат кўрсатиш объектларини техник қўриқловга олиш | C2: =+SUM(D2:BF2) -> 3 | D2: =+SUM(D3:D7) -> 0 | E2: =+SUM(E3:E7) -> 0 | F2: =+SUM(F3:F7) -> 0 | G2: =+SUM(G3:G7) -> 0 | H2: =+SUM(H3:H7) -> 0 | I2: =+SUM(I3:I7) -> 0 | J2: =+SUM(J3:J7) -> 0 | K2: =+SUM(K3:K7) -> 0 | ... BF2: =+SUM(BF3:BF7) -> 0
A3: шундан | B3: савдо дўконлари | C3: =+SUM(D3:BF3) -> 2 | AM3: 2
B4: спиртли ичимликлар дўконлари | C4: =+SUM(D4:BF4) -> 0
B5: умумий овқатланиш жойлари | C5: =+SUM(D5:BF5) -> 1 | T5: 1
B6: компьютер-плейстейшн | C6: =+SUM(D6:BF6) -> 0
B7: бошқа турдаги объектлар | C7: =+SUM(D7:BF7) -> 0
A8: 2. | B8: Кўп қаватли ва якка тартибдаги хонадонларни техник қўриқловга олиш | C8: =+SUM(D8:BF8) -> 16 | N8: 1 | AG8: 1 | AW8: 5 | AY8: 1 | BA8: 1 | BB8: 3 | BE8: 3 | BF8: 1
A9: 3. | B9: Кўп қаватли уйларнинг кириш йўлаклари олдига ташвиш тугмаларини ўрнатиш | C9: =+SUM(D9:BF9) -> 0
A10: 4. | B10: Кун давомида келиб тушган "ташвиш хабарлари" | C10: =+SUM(D10:BF10) -> 32 | G10: 1 | I10: 1 | V10: 1 | W10: 1 | X10: 2 | AA10: 3 | AC10: 1 | AE10: 2 | AG10: 2 | AH10: 1 | AJ10: 2 | AK10: 1 | AL10: 1 | AM10: 2 | AP10: 2 | AR10: 1 | AS10: 1 | AU10: 1 | AW10: 3 | BA10: 1 | BC10: 1 | BF10: 1
A11: 4.1. | B11: Чақирувга асосан ҳодиса жойига етиб борган тезкор ҳаракатланувчи гуруҳ | C11: =+SUM(D11:BF11) -> 32 | G11: 1 | I11: 1 | V11: 1 | W11: 1 | X11: 2 | AA11: 3 | AC11: 1 | AE11: 2 | AG11: 2 | AH11: 1 | AJ11: 2 | AK11: 1 | AL11: 1 | AM11: 2 | AP11: 2 | AR11: 1 | AS11: 1 | AU11: 1 | AW11: 3 | BA11: 1 | BC11: 1 | BF11: 1
A12: 5. | B12: тезкор ҳаракатланувчи гуруҳлар томонидан аниқланган жиноятлар | C12: =+SUM(D12:BF12) -> 0
A13: 6. | B13: тезкор ҳаракатланувчи гуруҳлар томонидан ушланган қидирувдаги шахслар | C13: =+SUM(D13:BF13) -> 0
A14: 7. | B14: Қўриқлаш хизмати афзалликлари бўйича тарғибот учрашувлари ўтказиш | C14: =+SUM(D14:BF14) -> 122 | D14: 2 | E14: 3 | F14: 2 | G14: 3 | H14: 4 | I14: 2 | J14: 3 | K14: 2 | L14: 3 | M14: 2 | N14: 5 | O14: 3 | P14: 2 | Q14: 5 | R14: 4 | S14: 3 | T14: 3 | U14: 2 | V14: 1 | W14: 4 | X14: 3 | Y14: 2 | Z14: 2 | AA14: 3 | AB14: 2 | AC14: 3 | AE14: 2 | AF14: 3 | AG14: 1 | AI14: 3 | AJ14: 2 | AK14: 2 | AL14: 2 | AM14: 3 | AN14: 3 | AO14: 2 | AP14: 5 | AQ14: 2 | AS14: 2 | AU14: 3 | AW14: 2 | AX14: 2 | AZ14: 3 | BA14: 2 | BC14: 3 | BE14: 2
A15: 8. | B15: “Объект қўриқловда!” ва “Хонадон қўриқловда!” стикерларини жойлаштириш | C15: =+SUM(D15:BF15) -> 37 | F15: 6 | T15: 3 | Y15: 4 | AA15: 4 | AE15: 3 | AH15: 2 | AK15: 2 | AL15: 1 | AN15: 1 | AQ15: 2 | AS15: 1 | AU15: 1 | AW15: 1 | AZ15: 2 | BB15: 1 | BC15: 2 | BE15: 1
A16: 9. | B16: Объектларни жисмоний қўриқловга олиш | C16: =+SUM(D16:BF16) -> 0
A17: шундан | B17: шаҳодатланган таркиб | C17: =+SUM(D17:BF17) -> 0
B18: ҳарбийлаштирилган соқчи | C18: =+SUM(D18:BF18) -> 0
B19: қоровуллик | C19: =+SUM(D19:BF19) -> 0

Sheet 02.17
A1: № | B1: Кўрсаткич | C1: жами | D1: Ал-Хоразмий | E1: Бахористон | F1: Бектўпи | G1: Гулистон | H1: Катта Хирмонтепа | I1: Тирсакобод | J1: Хайрабод | K1: Хирмон тепа | L1: Хонтўпи | M1: Шараф | N1: Шарқ | O1: Шарқ тонги | P1: Шухрат | Q1: 1-Чарх Камолон | R1: 2-Чарх Камолон | S1: 3-Чарх Камолон | T1: Бешёғоч | U1: Катта Козиробод | V1: Катта Олмазор | W1: Катта Чилонзор-1 | X1: Катта Чилонзор-2 | Y1: Катта Чилонзор-3 | Z1: Қозиробод | AA1: Новза | AB1: Чилонзор | AC1: 1-Қатортол | AD1: Бешчинор | AE1: Боғзор | AF1: Диёр | AG1: Дилобод | AH1: Катта Навбаҳор | AI1: Кўркам | AJ1: Кўтарма | AK1: Қатортол | AL1: Лутфий | AM1: Навбахор | AN1: Нафосат | AO1: Оқ-тепа | AP1: Халқлар Дўстлиги | AQ1: Чўпон-ота | AR1: 2-Қатортол | AS1: Ботирма | AT1: Бўрижар | AU1: Гавхар | AV1: Дўмбиробод | AW1: Зарқўрғон | AX1: Катта Дўмбиробод | AY1: Кичик Хирмонтепа | AZ1: Мевазор | BA1: Мехржон | BB1: Наққошлик | BC1: Фидокор | BD1: Яккабоғ | BE1: Яккатут | BF1: Бешқўрғон
A2: 1. | B2: Савдо ва маиший хизмат кўрсатиш объектларини техник қўриқловга олиш | C2: =+SUM(D2:BF2) -> 2 | D2: =+SUM(D3:D7) -> 0 | E2: =+SUM(E3:E7) -> 0 | F2: =+SUM(F3:F7) -> 0 | G2: =+SUM(G3:G7) -> 0 | H2: =+SUM(H3:H7) -> 0 | I2: =+SUM(I3:I7) -> 0 | J2: =+SUM(J3:J7) -> 0 | K2: =+SUM(K3:K7) -> 0 | ... BF2: =+SUM(BF3:BF7) -> 0
A3: шундан | B3: савдо дўконлари | C3: =+SUM(D3:BF3) -> 0
B4: спиртли ичимликлар дўконлари | C4: =+SUM(D4:BF4) -> 0
B5: умумий овқатланиш жойлари | C5: =+SUM(D5:BF5) -> 0
B6: компьютер-плейстейшн | C6: =+SUM(D6:BF6) -> 0
B7: бошқа турдаги объектлар | C7: =+SUM(D7:BF7) -> 2 | AA7: 1 | AG7: 1
A8: 2. | B8: Кўп қаватли ва якка тартибдаги хонадонларни техник қўриқловга олиш | C8: =+SUM(D8:BF8) -> 4 | AP8: 2 | AU8: 1 | AV8: 1
A9: 3. | B9: Кўп қаватли уйларнинг кириш йўлаклари олдига ташвиш тугмаларини ўрнатиш | C9: =+SUM(D9:BF9) -> 6 | AA9: 6
A10: 4. | B10: Кун давомида келиб тушган "ташвиш хабарлари" | C10: =+SUM(D10:BF10) -> 18 | F10: 1 | H10: 2 | K10: 1 | N10: 1 | W10: 1 | X10: 1 | Z10: 2 | AA10: 1 | AB10: 1 | AJ10: 1 | AK10: 2 | AN10: 1 | AP10: 1 | AV10: 1 | BF10: 1
A11: 4.1. | B11: Чақирувга асосан ҳодиса жойига етиб борган тезкор ҳаракатланувчи гуруҳ | C11: =+SUM(D11:BF11) -> 18 | F11: 1 | H11: 2 | K11: 1 | N11: 1 | W11: 1 | X11: 1 | Z11: 2 | AA11: 1 | AB11: 1 | AJ11: 1 | AK11: 2 | AN11: 1 | AP11: 1 | AV11: 1 | BF11: 1
A12: 5. | B12: тезкор ҳаракатланувчи гуруҳлар томонидан аниқланган жиноятлар | C12: =+SUM(D12:BF12) -> 0
A13: 6. | B13: тезкор ҳаракатланувчи гуруҳлар томонидан ушланган қидирувдаги шахслар | C13: =+SUM(D13:BF13) -> 0
A14: 7. | B14: Қўриқлаш хизмати афзалликлари бўйича тарғибот учрашувлари ўтказиш | C14: =+SUM(D14:BF14) -> 152 | D14: 2 | E14: 1 | F14: 3 | G14: 2 | H14: 2 | I14: 3 | J14: 1 | K14: 2 | L14: 2 | M14: 3 | N14: 3 | O14: 1 | P14: 2 | Q14: 2 | R14: 2 | S14: 3 | T14: 1 | U14: 3 | V14: 2 | W14: 3 | X14: 1 | Y14: 3 | Z14: 3 | AA14: 2 | AB14: 2 | AC14: 3 | AD14: 1 | AE14: 1 | AF14: 2 | AG14: 3 | AH14: 3 | AI14: 2 | AJ14: 2 | AK14: 1 | AL14: 2 | AM14: 1 | AN14: 3 | AO14: 2 | AP14: 2 | AQ14: 4 | AR14: 37 | AS14: 2 | AT14: 3 | AU14: 2 | AV14: 1 | AW14: 1 | AX14: 2 | AY14: 3 | AZ14: 2 | BA14: 3 | BB14: 2 | BC14: 2 | BD14: 3 | BE14: 1 | BF14: 2
A15: 8. | B15: “Объект қўриқловда!” ва “Хонадон қўриқловда!” стикерларини жойлаштириш | C15: =+SUM(D15:BF15) -> 50 | D15: 3 | F15: 1 | H15: 1 | J15: 2 | K15: 1 | M15: 2 | O15: 3 | R15: 2 | S15: 2 | U15: 1 | V15: 2 | X15: 2 | Z15: 2 | AB15: 3 | AC15: 1 | AD15: 2 | AE15: 2 | AI15: 2 | AM15: 2 | AO15: 2 | AS15: 2 | AT15: 2 | AV15: 2 | AY15: 2 | BE15: 2 | BF15: 2
A16: 9. | B16: Объектларни жисмоний қўриқловга олиш | C16: =+SUM(D16:BF16) -> 0
A17: шундан | B17: шаҳодатланган таркиб | C17: =+SUM(D17:BF17) -> 0
B18: ҳарбийлаштирилган соқчи | C18: =+SUM(D18:BF18) -> 0
B19: қоровуллик | C19: =+SUM(D19:BF19) -> 0

Sheet 02.18
A1: № | B1: Кўрсаткич | C1: жами | D1: Ал-Хоразмий | E1: Бахористон | F1: Бектўпи | G1: Гулистон | H1: Катта Хирмонтепа | I1: Тирсакобод | J1: Хайрабод | K1: Хирмон тепа | L1: Хонтўпи | M1: Шараф | N1: Шарқ | O1: Шарқ тонги | P1: Шухрат | Q1: 1-Чарх Камолон | R1: 2-Чарх Камолон | S1: 3-Чарх Камолон | T1: Бешёғоч | U1: Катта Козиробод | V1: Катта Олмазор | W1: Катта Чилонзор-1 | X1: Катта Чилонзор-2 | Y1: Катта Чилонзор-3 | Z1: Қозиробод | AA1: Новза | AB1: Чилонзор | AC1: 1-Қатортол | AD1: Бешчинор | AE1: Боғзор | AF1: Диёр | AG1: Дилобод | AH1: Катта Навбаҳор | AI1: Кўркам | AJ1: Кўтарма | AK1: Қатортол | AL1: Лутфий | AM1: Навбахор | AN1: Нафосат | AO1: Оқ-тепа | AP1: Халқлар Дўстлиги | AQ1: Чўпон-ота | AR1: 2-Қатортол | AS1: Ботирма | AT1: Бўрижар | AU1: Гавхар | AV1: Дўмбиробод | AW1: Зарқўрғон | AX1: Катта Дўмбиробод | AY1: Кичик Хирмонтепа | AZ1: Мевазор | BA1: Мехржон | BB1: Наққошлик | BC1: Фидокор | BD1: Яккабоғ | BE1: Яккатут | BF1: Бешқўрғон
A2: 1. | B2: Савдо ва маиший хизмат кўрсатиш объектларини техник қўриқловга олиш | C2: =+SUM(D2:BF2) -> 30 | D2: =+SUM(D3:D7) -> 0 | E2: =+SUM(E3:E7) -> 0 | F2: =+SUM(F3:F7) -> 0 | G2: =+SUM(G3:G7) -> 0 | H2: =+SUM(H3:H7) -> 0 | I2: =+SUM(I3:I7) -> 0 | J2: =+SUM(J3:J7) -> 1 | K2: =+SUM(K3:K7) -> 0 | ... BF2: =+SUM(BF3:BF7) -> 0
A3: шундан | B3: савдо дўконлари | C3: =+SUM(D3:BF3) -> 0
B4: спиртли ичимликлар дўконлари | C4: =+SUM(D4:BF4) -> 0
B5: умумий овқатланиш жойлари | C5: =+SUM(D5:BF5) -> 1 | J5: 1
B6: компьютер-плейстейшн | C6: =+SUM(D6:BF6) -> 0
B7: бошқа турдаги объектлар | C7: =+SUM(D7:BF7) -> 29 | R7: 2 | W7: 7 | AA7: 17 | AP7: 1 | BD7: 2
A8: 2. | B8: Кўп қаватли ва якка тартибдаги хонадонларни техник қўриқловга олиш | C8: =+SUM(D8:BF8) -> 5 | AM8: 3 | BF8: 2
A9: 3. | B9: Кўп қаватли уйларнинг кириш йўлаклари олдига ташвиш тугмаларини ўрнатиш | C9: =+SUM(D9:BF9) -> 8 | AA9: 8
A10: 4. | B10: Кун давомида келиб тушган "ташвиш хабарлари" | C10: =+SUM(D10:BF10) -> 25 | D10: 2 | E10: 1 | F10: 2 | H10: 2 | N10: 2 | W10: 1 | Z10: 3 | AA10: 2 | AG10: 1 | AK10: 1 | AM10: 1 | AN10: 1 | AO10: 1 | AP10: 1 | AS10: 1 | BA10: 1 | BF10: 2
A11: 4.1. | B11: Чақирувга асосан ҳодиса жойига етиб борган тезкор ҳаракатланувчи гуруҳ | C11: =+SUM(D11:BF11) -> 25 | D11: 2 | E11: 1 | F11: 2 | H11: 2 | N11: 2 | W11: 1 | Z11: 3 | AA11: 2 | AG11: 1 | AK11: 1 | AM11: 1 | AN11: 1 | AO11: 1 | AP11: 1 | AS11: 1 | BA11: 1 | BF11: 2
A12: 5. | B12: тезкор ҳаракатланувчи гуруҳлар томонидан аниқланган жиноятлар | C12: =+SUM(D12:BF12) -> 0
A13: 6. | B13: тезкор ҳаракатланувчи гуруҳлар томонидан ушланган қидирувдаги шахслар | C13: =+SUM(D13:BF13) -> 0
A14: 7. | B14: Қўриқлаш хизмати афзалликлари бўйича тарғибот учрашувлари ўтказиш | C14: =+SUM(D14:BF14) -> 240 | D14: 5 | F14: 3 | I14: 2 | K14: 3 | L14: 5 | O14: 3 | T14: 6 | X14: 7 | AB14: 5 | AD14: 8 | AF14: 3 | AH14: 5 | AK14: 27 | AL14: 5 | AN14: 70 | AO14: 5 | AS14: 5 | AX14: 8 | AZ14: 6 | BD14: 54 | BE14: 5
A15: 8. | B15: “Объект қўриқловда!” ва “Хонадон қўриқловда!” стикерларини жойлаштириш | C15: =+SUM(D15:BF15) -> 86 | I15: 50 | AK15: 12 | AN15: 8 | BD15: 16
A16: 9. | B16: Объектларни жисмоний қўриқловга олиш | C16: =+SUM(D16:BF16) -> 0
A17: шундан | B17: шаҳодатланган таркиб | C17: =+SUM(D17:BF17) -> 0
B18: ҳарбийлаштирилган соқчи | C18: =+SUM(D18:BF18) -> 0
B19: қоровуллик | C19: =+SUM(D19:BF19) -> 0

Sheet 02.19
A1: № | B1: Кўрсаткич | C1: жами | D1: Ал-Хоразмий | E1: Бахористон | F1: Бектўпи | G1: Гулистон | H1: Катта Хирмонтепа | I1: Тирсакобод | J1: Хайрабод | K1: Хирмон тепа | L1: Хонтўпи | M1: Шараф | N1: Шарқ | O1: Шарқ тонги | P1: Шухрат | Q1: 1-Чарх Камолон | R1: 2-Чарх Камолон | S1: 3-Чарх Камолон | T1: Бешёғоч | U1: Катта Козиробод | V1: Катта Олмазор | W1: Катта Чилонзор-1 | X1: Катта Чилонзор-2 | Y1: Катта Чилонзор-3 | Z1: Қозиробод | AA1: Новза | AB1: Чилонзор | AC1: 1-Қатортол | AD1: Бешчинор | AE1: Боғзор | AF1: Диёр | AG1: Дилобод | AH1: Катта Навбаҳор | AI1: Кўркам | AJ1: Кўтарма | AK1: Қатортол | AL1: Лутфий | AM1: Навбахор | AN1: Нафосат | AO1: Оқ-тепа | AP1: Халқлар Дўстлиги | AQ1: Чўпон-ота | AR1: 2-Қатортол | AS1: Ботирма | AT1: Бўрижар | AU1: Гавхар | AV1: Дўмбиробод | AW1: Зарқўрғон | AX1: Катта Дўмбиробод | AY1: Кичик Хирмонтепа | AZ1: Мевазор | BA1: Мехржон | BB1: Наққошлик | BC1: Фидокор | BD1: Яккабоғ | BE1: Яккатут | BF1: Бешқўрғон
A2: 1. | B2: Савдо ва маиший хизмат кўрсатиш объектларини техник қўриқловга олиш | C2: =+SUM(D2:BF2) -> 5 | D2: =+SUM(D3:D7) -> 0 | E2: =+SUM(E3:E7) -> 0 | F2: =+SUM(F3:F7) -> 0 | G2: =+SUM(G3:G7) -> 0 | H2: =+SUM(H3:H7) -> 0 | I2: =+SUM(I3:I7) -> 0 | J2: =+SUM(J3:J7) -> 0 | K2: =+SUM(K3:K7) -> 0 | ... BF2: =+SUM(BF3:BF7) -> 0
A3: шундан | B3: савдо дўконлари | C3: =+SUM(D3:BF3) -> 1 | Y3: 1
B4: спиртли ичимликлар дўконлари | C4: =+SUM(D4:BF4) -> 0
B5: умумий овқатланиш жойлари | C5: =+SUM(D5:BF5) -> 0
B6: компьютер-плейстейшн | C6: =+SUM(D6:BF6) -> 0
B7: бошқа турдаги объектлар | C7: =+SUM(D7:BF7) -> 4 | W7: 2 | AM7: 1 | AX7: 1
A8: 2. | B8: Кўп қаватли ва якка тартибдаги хонадонларни техник қўриқловга олиш | C8: =+SUM(D8:BF8) -> 10 | K8: 2 | AD8: 1 | AM8: 1 | AN8: 1 | AZ8: 2 | BE8: 1 | BF8: 2
A9: 3. | B9: Кўп қаватли уйларнинг кириш йўлаклари олдига ташвиш тугмаларини ўрнатиш | C9: =+SUM(D9:BF9) -> 5 | AE9: 3 | AW9: 2
A10: 4. | B10: Кун давомида келиб тушган "ташвиш хабарлари" | C10: =+SUM(D10:BF10) -> 25 | F10: 1 | H10: 2 | K10: 3 | R10: 1 | W10: 2 | X10: 2 | Y10: 1 | Z10: 3 | AG10: 1 | AJ10: 3 | AK10: 1 | AM10: 2 | AT10: 2 | BF10: 1
A11: 4.1. | B11: Чақирувга асосан ҳодиса жойига етиб борган тезкор ҳаракатланувчи гуруҳ | C11: =+SUM(D11:BF11) -> 25 | F11: 1 | H11: 2 | K11: 3 | R11: 1 | W11: 2 | X11: 2 | Y11: 1 | Z11: 3 | AG11: 1 | AJ11: 3 | AK11: 1 | AM11: 2 | AT11: 2 | BF11: 1
A12: 5. | B12: тезкор ҳаракатланувчи гуруҳлар томонидан аниқланган жиноятлар | C12: =+SUM(D12:BF12) -> 0
A13: 6. | B13: тезкор ҳаракатланувчи гуруҳлар томонидан ушланган қидирувдаги шахслар | C13: =+SUM(D13:BF13) -> 0
A14: 7. | B14: Қўриқлаш хизмати афзалликлари бўйича тарғибот учрашувлари ўтказиш | C14: =+SUM(D14:BF14) -> 262 | D14: 3 | I14: 5 | J14: 6 | K14: 5 | M14: 3 | O14: 2 | P14: 5 | Q14: 3 | V14: 5 | X14: 5 | Z14: 4 | AA14: 3 | AB14: 2 | AC14: 3 | AG14: 5 | AH14: 3 | AI14: 5 | AN14: 96 | AO14: 5 | AR14: 14 | AS14: 5 | AW14: 50 | AX14: 10 | BA14: 5 | BB14: 5 | BE14: 5
A15: 8. | B15: “Объект қўриқловда!” ва “Хонадон қўриқловда!” стикерларини жойлаштириш | C15: =+SUM(D15:BF15) -> 48 | E15: 1 | G15: 2 | L15: 1 | R15: 1 | U15: 1 | AC15: 1 | AP15: 1 | AR15: 3 | AW15: 30 | AX15: 6 | AZ15: 1
A16: 9. | B16: Объектларни жисмоний қўриқловга олиш | C16: =+SUM(D16:BF16) -> 0
A17: шундан | B17: шаҳодатланган таркиб | C17: =+SUM(D17:BF17) -> 0
B18: ҳарбийлаштирилган соқчи | C18: =+SUM(D18:BF18) -> 0
B19: қоровуллик | C19: =+SUM(D19:BF19) -> 0

Sheet 02.20
A1: № | B1: Кўрсаткич | C1: жами | D1: Ал-Хоразмий | E1: Бахористон | F1: Бектўпи | G1: Гулистон | H1: Катта Хирмонтепа | I1: Тирсакобод | J1: Хайрабод | K1: Хирмон тепа | L1: Хонтўпи | M1: Шараф | N1: Шарқ | O1: Шарқ тонги | P1: Шухрат | Q1: 1-Чарх Камолон | R1: 2-Чарх Камолон | S1: 3-Чарх Камолон | T1: Бешёғоч | U1: Катта Козиробод | V1: Катта Олмазор | W1: Катта Чилонзор-1 | X1: Катта Чилонзор-2 | Y1: Катта Чилонзор-3 | Z1: Қозиробод | AA1: Новза | AB1: Чилонзор | AC1: 1-Қатортол | AD1: Бешчинор | AE1: Боғзор | AF1: Диёр | AG1: Дилобод | AH1: Катта Навбаҳор | AI1: Кўркам | AJ1: Кўтарма | AK1: Қатортол | AL1: Лутфий | AM1: Навбахор | AN1: Нафосат | AO1: Оқ-тепа | AP1: Халқлар Дўстлиги | AQ1: Чўпон-ота | AR1: 2-Қатортол | AS1: Ботирма | AT1: Бўрижар | AU1: Гавхар | AV1: Дўмбиробод | AW1: Зарқўрғон | AX1: Катта Дўмбиробод | AY1: Кичик Хирмонтепа | AZ1: Мевазор | BA1: Мехржон | BB1: Наққошлик | BC1: Фидокор | BD1: Яккабоғ | BE1: Яккатут | BF1: Бешқўрғон
A2: 1. | B2: Савдо ва маиший хизмат кўрсатиш объектларини техник қўриқловга олиш | C2: =+SUM(D2:BF2) -> 9 | D2: =+SUM(D3:D7) -> 0 | E2: =+SUM(E3:E7) -> 0 | F2: =+SUM(F3:F7) -> 0 | G2: =+SUM(G3:G7) -> 0 | H2: =+SUM(H3:H7) -> 0 | I2: =+SUM(I3:I7) -> 0 | J2: =+SUM(J3:J7) -> 0 | K2: =+SUM(K3:K7) -> 0 | ... BF2: =+SUM(BF3:BF7) -> 0
A3: шундан | B3: савдо дўконлари | C3: =+SUM(D3:BF3) -> 3 | S3: 1 | AM3: 1 | AT3: 1
B4: спиртли ичимликлар дўконлари | C4: =+SUM(D4:BF4) -> 0
B5: умумий овқатланиш жойлари | C5: =+SUM(D5:BF5) -> 0
B6: компьютер-плейстейшн | C6: =+SUM(D6:BF6) -> 1 | AA6: 1
B7: бошқа турдаги объектлар | C7: =+SUM(D7:BF7) -> 5 | AA7: 1 | AM7: 1 | AT7: 1 | BE7: 2
A8: 2. | B8: Кўп қаватли ва якка тартибдаги хонадонларни техник қўриқловга олиш | C8: =+SUM(D8:BF8) -> 7 | F8: 3 | AA8: 1 | AG8: 1 | AL8: 1 | AR8: 1
A9: 3. | B9: Кўп қаватли уйларнинг кириш йўлаклари олдига ташвиш тугмаларини ўрнатиш | C9: =+SUM(D9:BF9) -> 6 | AW9: 6
A10: 4. | B10: Кун давомида келиб тушган "ташвиш хабарлари" | C10: =+SUM(D10:BF10) -> 25 | D10: 2 | F10: 3 | N10: 1 | R10: 1 | T10: 1 | V10: 1 | W10: 2 | AG10: 1 | AH10: 1 | AI10: 1 | AJ10: 1 | AK10: 2 | AP10: 2 | AQ10: 1 | AW10: 1 | AX10: 1 | BA10: 1 | BB10: 1 | BD10: 1
A11: 4.1. | B11: Чақирувга асосан ҳодиса жойига етиб борган тезкор ҳаракатланувчи гуруҳ | C11: =+SUM(D11:BF11) -> 25 | D11: 2 | F11: 3 | N11: 1 | R11: 1 | T11: 1 | V11: 1 | W11: 2 | AG11: 1 | AH11: 1 | AI11: 1 | AJ11: 1 | AK11: 2 | AP11: 2 | AQ11: 1 | AW11: 1 | AX11: 1 | BA11: 1 | BB11: 1 | BD11: 1
A12: 5. | B12: тезкор ҳаракатланувчи гуруҳлар томонидан аниқланган жиноятлар | C12: =+SUM(D12:BF12) -> 0
A13: 6. | B13: тезкор ҳаракатланувчи гуруҳлар томонидан ушланган қидирувдаги шахслар | C13: =+SUM(D13:BF13) -> 0
A14: 7. | B14: Қўриқлаш хизмати афзалликлари бўйича тарғибот учрашувлари ўтказиш | C14: =+SUM(D14:BF14) -> 171 | D14: 2 | E14: 3 | G14: 3 | H14: 5 | J14: 3 | K14: 4 | M14: 5 | O14: 2 | P14: 5 | R14: 5 | S14: 3 | T14: 4 | V14: 3 | X14: 3 | Z14: 4 | AA14: 2 | AB14: 3 | AD14: 5 | AE14: 3 | AG14: 5 | AH14: 5 | AI14: 2 | AJ14: 5 | AK14: 5 | AL14: 3 | AM14: 2 | AO14: 5 | AP14: 5 | AQ14: 7 | AS14: 8 | AT14: 5 | AU14: 5 | AV14: 3 | AX14: 15 | AY14: 2 | AZ14: 5 | BA14: 2 | BB14: 5 | BC14: 3 | BE14: 2 | BF14: 5
A15: 8. | B15: “Объект қўриқловда!” ва “Хонадон қўриқловда!” стикерларини жойлаштириш | C15: =+SUM(D15:BF15) -> 39 | E15: 2 | J15: 2 | M15: 2 | N15: 1 | P15: 2 | R15: 2 | X15: 1 | AB15: 1 | AF15: 1 | AH15: 2 | AJ15: 1 | AM15: 2 | AP15: 2 | AS15: 1 | AU15: 2 | AX15: 10 | BA15: 2 | BB15: 1 | BE15: 2
A16: 9. | B16: Объектларни жисмоний қўриқловга олиш | C16: =+SUM(D16:BF16) -> 0
A17: шундан | B17: шаҳодатланган таркиб | C17: =+SUM(D17:BF17) -> 0
B18: ҳарбийлаштирилган соқчи | C18: =+SUM(D18:BF18) -> 0
B19: қоровуллик | C19: =+SUM(D19:BF19) -> 0

Sheet 02.21
A1: № | B1: Кўрсаткич | C1: жами | D1: Ал-Хоразмий | E1: Бахористон | F1: Бектўпи | G1: Гулистон | H1: Катта Хирмонтепа | I1: Тирсакобод | J1: Хайрабод | K1: Хирмон тепа | L1: Хонтўпи | M1: Шараф | N1: Шарқ | O1: Шарқ тонги | P1: Шухрат | Q1: 1-Чарх Камолон | R1: 2-Чарх Камолон | S1: 3-Чарх Камолон | T1: Бешёғоч | U1: Катта Козиробод | V1: Катта Олмазор | W1: Катта Чилонзор-1 | X1: Катта Чилонзор-2 | Y1: Катта Чилонзор-3 | Z1: Қозиробод | AA1: Новза | AB1: Чилонзор | AC1: 1-Қатортол | AD1: Бешчинор | AE1: Боғзор | AF1: Диёр | AG1: Дилобод | AH1: Катта Навбаҳор | AI1: Кўркам | AJ1: Кўтарма | AK1: Қатортол | AL1: Лутфий | AM1: Навбахор | AN1: Нафосат | AO1: Оқ-тепа | AP1: Халқлар Дўстлиги | AQ1: Чўпон-ота | AR1: 2-Қатортол | AS1: Ботирма | AT1: Бўрижар | AU1: Гавхар | AV1: Дўмбиробод | AW1: Зарқўрғон | AX1: Катта Дўмбиробод | AY1: Кичик Хирмонтепа | AZ1: Мевазор | BA1: Мехржон | BB1: Наққошлик | BC1: Фидокор | BD1: Яккабоғ | BE1: Яккатут | BF1: Бешқўрғон
A2: 1. | B2: Савдо ва маиший хизмат кўрсатиш объектларини техник қўриқловга олиш | C2: =+SUM(D2:BF2) -> 4 | D2: =+SUM(D3:D7) -> 0 | E2: =+SUM(E3:E7) -> 0 | F2: =+SUM(F3:F7) -> 1 | G2: =+SUM(G3:G7) -> 0 | H2: =+SUM(H3:H7) -> 0 | I2: =+SUM(I3:I7) -> 0 | J2: =+SUM(J3:J7) -> 0 | K2: =+SUM(K3:K7) -> 0 | ... BF2: =+SUM(BF3:BF7) -> 0
A3: шундан | B3: савдо дўконлари | C3: =+SUM(D3:BF3) -> 0
B4: спиртли ичимликлар дўконлари | C4: =+SUM(D4:BF4) -> 0
B5: умумий овқатланиш жойлари | C5: =+SUM(D5:BF5) -> 1 | F5: 1
B6: компьютер-плейстейшн | C6: =+SUM(D6:BF6) -> 0
B7: бошқа турдаги объектлар | C7: =+SUM(D7:BF7) -> 3 | AM7: 1 | AP7: 1 | BA7: 1
A8: 2. | B8: Кўп қаватли ва якка тартибдаги хонадонларни техник қўриқловга олиш | C8: =+SUM(D8:BF8) -> 1 | AU8: 1
A9: 3. | B9: Кўп қаватли уйларнинг кириш йўлаклари олдига ташвиш тугмаларини ўрнатиш | C9: =+SUM(D9:BF9) -> 0
A10: 4. | B10: Кун давомида келиб тушган "ташвиш хабарлари" | C10: =+SUM(D10:BF10) -> 19 | F10: 1 | G10: 1 | W10: 1 | X10: 1 | Y10: 1 | Z10: 3 | AD10: 1 | AG10: 1 | AJ10: 1 | AK10: 1 | AT10: 1 | AV10: 1 | AW10: 2 | AZ10: 1 | BD10: 2
A11: 4.1. | B11: Чақирувга асосан ҳодиса жойига етиб борган тезкор ҳаракатланувчи гуруҳ | C11: =+SUM(D11:BF11) -> 19 | F11: 1 | G11: 1 | W11: 1 | X11: 1 | Y11: 1 | Z11: 3 | AD11: 1 | AG11: 1 | AJ11: 1 | AK11: 1 | AT11: 1 | AV11: 1 | AW11: 2 | AZ11: 1 | BD11: 2
A12: 5. | B12: тезкор ҳаракатланувчи гуруҳлар томонидан аниқланган жиноятлар | C12: =+SUM(D12:BF12) -> 0
A13: 6. | B13: тезкор ҳаракатланувчи гуруҳлар томонидан ушланган қидирувдаги шахслар | C13: =+SUM(D13:BF13) -> 0
A14: 7. | B14: Қўриқлаш хизмати афзалликлари бўйича тарғибот учрашувлари ўтказиш | C14: =+SUM(D14:BF14) -> 245 | G14: 2 | J14: 12 | L14: 13 | O14: 11 | P14: 3 | Q14: 2 | S14: 3 | V14: 2 | X14: 3 | AA14: 4 | AC14: 2 | AE14: 2 | AF14: 5 | AG14: 2 | AI14: 3 | AJ14: 2 | AL14: 3 | AN14: 145 | AP14: 3 | AQ14: 3 | AS14: 3 | AT14: 4 | AV14: 2 | BA14: 5 | BC14: 3 | BE14: 3
A15: 8. | B15: “Объект қўриқловда!” ва “Хонадон қўриқловда!” стикерларини жойлаштириш | C15: =+SUM(D15:BF15) -> 43 | E15: 1 | H15: 2 | J15: 2 | L15: 3 | N15: 1 | O15: 2 | S15: 1 | AB15: 2 | AN15: 24 | AO15: 1 | AT15: 2 | BB15: 2
A16: 9. | B16: Объектларни жисмоний қўриқловга олиш | C16: =+SUM(D16:BF16) -> 0
A17: шундан | B17: шаҳодатланган таркиб | C17: =+SUM(D17:BF17) -> 0
B18: ҳарбийлаштирилган соқчи | C18: =+SUM(D18:BF18) -> 0
B19: қоровуллик | C19: =+SUM(D19:BF19) -> 0

Sheet 02.22
A1: № | B1: Кўрсаткич | C1: жами | D1: Ал-Хоразмий | E1: Бахористон | F1: Бектўпи | G1: Гулистон | H1: Катта Хирмонтепа | I1: Тирсакобод | J1: Хайрабод | K1: Хирмон тепа | L1: Хонтўпи | M1: Шараф | N1: Шарқ | O1: Шарқ тонги | P1: Шухрат | Q1: 1-Чарх Камолон | R1: 2-Чарх Камолон | S1: 3-Чарх Камолон | T1: Бешёғоч | U1: Катта Козиробод | V1: Катта Олмазор | W1: Катта Чилонзор-1 | X1: Катта Чилонзор-2 | Y1: Катта Чилонзор-3 | Z1: Қозиробод | AA1: Новза | AB1: Чилонзор | AC1: 1-Қатортол | AD1: Бешчинор | AE1: Боғзор | AF1: Диёр | AG1: Дилобод | AH1: Катта Навбаҳор | AI1: Кўркам | AJ1: Кўтарма | AK1: Қатортол | AL1: Лутфий | AM1: Навбахор | AN1: Нафосат | AO1: Оқ-тепа | AP1: Халқлар Дўстлиги | AQ1: Чўпон-ота | AR1: 2-Қатортол | AS1: Ботирма | AT1: Бўрижар | AU1: Гавхар | AV1: Дўмбиробод | AW1: Зарқўрғон | AX1: Катта Дўмбиробод | AY1: Кичик Хирмонтепа | AZ1: Мевазор | BA1: Мехржон | BB1: Наққошлик | BC1: Фидокор | BD1: Яккабоғ | BE1: Яккатут | BF1: Бешқўрғон
A2: 1. | B2: Савдо ва маиший хизмат кўрсатиш объектларини техник қўриқловга олиш | C2: =+SUM(D2:BF2) -> 3 | D2: =+SUM(D3:D7) -> 0 | E2: =+SUM(E3:E7) -> 0 | F2: =+SUM(F3:F7) -> 0 | G2: =+SUM(G3:G7) -> 0 | H2: =+SUM(H3:H7) -> 0 | I2: =+SUM(I3:I7) -> 0 | J2: =+SUM(J3:J7) -> 0 | K2: =+SUM(K3:K7) -> 0 | ... BF2: =+SUM(BF3:BF7) -> 0
A3: шундан | B3: савдо дўконлари | C3: =+SUM(D3:BF3) -> 1 | V3: 1
B4: спиртли ичимликлар дўконлари | C4: =+SUM(D4:BF4) -> 0
B5: умумий овқатланиш жойлари | C5: =+SUM(D5:BF5) -> 1 | T5: 1
B6: компьютер-плейстейшн | C6: =+SUM(D6:BF6) -> 0
B7: бошқа турдаги объектлар | C7: =+SUM(D7:BF7) -> 1 | AG7: 1
A8: 2. | B8: Кўп қаватли ва якка тартибдаги хонадонларни техник қўриқловга олиш | C8: =+SUM(D8:BF8) -> 0
A9: 3. | B9: Кўп қаватли уйларнинг кириш йўлаклари олдига ташвиш тугмаларини ўрнатиш | C9: =+SUM(D9:BF9) -> 0
A10: 4. | B10: Кун давомида келиб тушган "ташвиш хабарлари" | C10: =+SUM(D10:BF10) -> 41 | F10: 3 | G10: 1 | H10: 2 | O10: 1 | Q10: 3 | S10: 3 | T10: 3 | U10: 1 | V10: 1 | X10: 1 | Y10: 2 | AC10: 1 | AD10: 4 | AG10: 1 | AH10: 1 | AJ10: 2 | AM10: 3 | AP10: 1 | AS10: 2 | AV10: 1 | AW10: 2 | BF10: 2
A11: 4.1. | B11: Чақирувга асосан ҳодиса жойига етиб борган тезкор ҳаракатланувчи гуруҳ | C11: =+SUM(D11:BF11) -> 41 | F11: 3 | G11: 1 | H11: 2 | O11: 1 | Q11: 3 | S11: 3 | T11: 3 | U11: 1 | V11: 1 | X11: 1 | Y11: 2 | AC11: 1 | AD11: 4 | AG11: 1 | AH11: 1 | AJ11: 2 | AM11: 3 | AP11: 1 | AS11: 2 | AV11: 1 | AW11: 2 | BF11: 2
A12: 5. | B12: тезкор ҳаракатланувчи гуруҳлар томонидан аниқланган жиноятлар | C12: =+SUM(D12:BF12) -> 0
A13: 6. | B13: тезкор ҳаракатланувчи гуруҳлар томонидан ушланган қидирувдаги шахслар | C13: =+SUM(D13:BF13) -> 0
A14: 7. | B14: Қўриқлаш хизмати афзалликлари бўйича тарғибот учрашувлари ўтказиш | C14: =+SUM(D14:BF14) -> 149 | D14: 3 | H14: 5 | I14: 8 | K14: 5 | M14: 3 | P14: 5 | Q14: 8 | S14: 4 | T14: 3 | V14: 3 | W14: 5 | X14: 2 | AB14: 3 | AD14: 5 | AE14: 3 | AF14: 8 | AH14: 3 | AI14: 3 | AL14: 3 | AN14: 40 | AO14: 3 | AP14: 5 | AQ14: 3 | AV14: 3 | AZ14: 3 | BB14: 2 | BC14: 3 | BF14: 5
A15: 8. | B15: “Объект қўриқловда!” ва “Хонадон қўриқловда!” стикерларини жойлаштириш | C15: =+SUM(D15:BF15) -> 29 | G15: 2 | N15: 3 | P15: 2 | U15: 1 | X15: 2 | AG15: 1 | AN15: 13 | AO15: 2 | AY15: 1 | BF15: 2
A16: 9. | B16: Объектларни жисмоний қўриқловга олиш | C16: =+SUM(D16:BF16) -> 0
A17: шундан | B17: шаҳодатланган таркиб | C17: =+SUM(D17:BF17) -> 0
B18: ҳарбийлаштирилган соқчи | C18: =+SUM(D18:BF18) -> 0
B19: қоровуллик | C19: =+SUM(D19:BF19) -> 0

Sheet 02.23
A1: № | B1: Кўрсаткич | C1: жами | D1: Ал-Хоразмий | E1: Бахористон | F1: Бектўпи | G1: Гулистон | H1: Катта Хирмонтепа | I1: Тирсакобод | J1: Хайрабод | K1: Хирмон тепа | L1: Хонтўпи | M1: Шараф | N1: Шарқ | O1: Шарқ тонги | P1: Шухрат | Q1: 1-Чарх Камолон | R1: 2-Чарх Камолон | S1: 3-Чарх Камолон | T1: Бешёғоч | U1: Катта Козиробод | V1: Катта Олмазор | W1: Катта Чилонзор-1 | X1: Катта Чилонзор-2 | Y1: Катта Чилонзор-3 | Z1: Қозиробод | AA1: Новза | AB1: Чилонзор | AC1: 1-Қатортол | AD1: Бешчинор | AE1: Боғзор | AF1: Диёр | AG1: Дилобод | AH1: Катта Навбаҳор | AI1: Кўркам | AJ1: Кўтарма | AK1: Қатортол | AL1: Лутфий | AM1: Навбахор | AN1: Нафосат | AO1: Оқ-тепа | AP1: Халқлар Дўстлиги | AQ1: Чўпон-ота | AR1: 2-Қатортол | AS1: Ботирма | AT1: Бўрижар | AU1: Гавхар | AV1: Дўмбиробод | AW1: Зарқўрғон | AX1: Катта Дўмбиробод | AY1: Кичик Хирмонтепа | AZ1: Мевазор | BA1: Мехржон | BB1: Наққошлик | BC1: Фидокор | BD1: Яккабоғ | BE1: Яккатут | BF1: Бешқўрғон
A2: 1. | B2: Савдо ва маиший хизмат кўрсатиш объектларини техник қўриқловга олиш | C2: =+SUM(D2:BF2) -> 6 | D2: 0 | E2: 0 | F2: 0 | G2: 0 | H2: 0 | I2: 0 | J2: 0 | K2: 0 | L2: 0 | M2: 0 | N2: 0 | O2: 0 | P2: 0 | Q2: 0 | R2: 1 | S2: 1 | T2: 0 | U2: 0 | V2: 0 | W2: 0 | X2: 0 | Y2: 2 | Z2: 0 | AA2: 0 | AB2: 0 | AC2: 0 | AD2: 0 | AE2: 0 | AF2: 0 | AG2: 0 | AH2: 0 | AI2: 0 | AJ2: 0 | AK2: 0 | AL2: 0 | AM2: 2 | AN2: 0 | AO2: 0 | AP2: 0 | AQ2: 0 | AR2: 0 | AS2: 0 | AT2: 0 | AU2: 0 | AV2: 0 | AW2: 0 | AX2: 0 | AY2: 0 | AZ2: 0 | BA2: 0 | BB2: 0 | BC2: 0 | BD2: 0 | BE2: 0 | BF2: 0
A3: шундан | B3: савдо дўконлари | C3: =+SUM(D3:BF3) -> 2 | Y3: 2
B4: спиртли ичимликлар дўконлари | C4: =+SUM(D4:BF4) -> 0
B5: умумий овқатланиш жойлари | C5: =+SUM(D5:BF5) -> 0
B6: компьютер-плейстейшн | C6: =+SUM(D6:BF6) -> 0
B7: бошқа турдаги объектлар | C7: =+SUM(D7:BF7) -> 4 | R7: 1 | S7: 1 | AM7: 2
A8: 2. | B8: Кўп қаватли ва якка тартибдаги хонадонларни техник қўриқловга олиш | C8: =+SUM(D8:BF8) -> 0
A9: 3. | B9: Кўп қаватли уйларнинг кириш йўлаклари олдига ташвиш тугмаларини ўрнатиш | C9: =+SUM(D9:BF9) -> 0
A10: 4. | B10: Кун давомида келиб тушган "ташвиш хабарлари" | C10: =+SUM(D10:BF10) -> 10 | I10: 1 | W10: 1 | X10: 1 | AM10: 3 | AS10: 1 | AU10: 1 | BE10: 1 | BF10: 1
A11: 4.1. | B11: Чақирувга асосан ҳодиса жойига етиб борган тезкор ҳаракатланувчи гуруҳ | C11: =+SUM(D11:BF11) -> 10 | I11: 1 | W11: 1 | X11: 1 | AM11: 3 | AS11: 1 | AU11: 1 | BE11: 1 | BF11: 1
A12: 5. | B12: тезкор ҳаракатланувчи гуруҳлар томонидан аниқланган жиноятлар | C12: =+SUM(D12:BF12) -> 0
A13: 6. | B13: тезкор ҳаракатланувчи гуруҳлар томонидан ушланган қидирувдаги шахслар | C13: =+SUM(D13:BF13) -> 0
A14: 7. | B14: Қўриқлаш хизмати афзалликлари бўйича тарғибот учрашувлари ўтказиш | C14: =+SUM(D14:BF14) -> 165 | F14: 30 | Y14: 35 | AA14: 32 | AD14: 28 | AJ14: 6 | AN14: 28 | AQ14: 3 | BE14: 3
A15: 8. | B15: “Объект қўриқловда!” ва “Хонадон қўриқловда!” стикерларини жойлаштириш | C15: =+SUM(D15:BF15) -> 19 | AA15: 8 | AD15: 5 | AN15: 6
A16: 9. | B16: Объектларни жисмоний қўриқловга олиш | C16: =+SUM(D16:BF16) -> 0
A17: шундан | B17: шаҳодатланган таркиб | C17: =+SUM(D17:BF17) -> 0
B18: ҳарбийлаштирилган соқчи | C18: =+SUM(D18:BF18) -> 0
B19: қоровуллик | C19: =+SUM(D19:BF19) -> 0

Sheet 02.24
A1: № | B1: Кўрсаткич | C1: жами | D1: Ал-Хоразмий | E1: Бахористон | F1: Бектўпи | G1: Гулистон | H1: Катта Хирмонтепа | I1: Тирсакобод | J1: Хайрабод | K1: Хирмон тепа | L1: Хонтўпи | M1: Шараф | N1: Шарқ | O1: Шарқ тонги | P1: Шухрат | Q1: 1-Чарх Камолон | R1: 2-Чарх Камолон | S1: 3-Чарх Камолон | T1: Бешёғоч | U1: Катта Козиробод | V1: Катта Олмазор | W1: Катта Чилонзор-1 | X1: Катта Чилонзор-2 | Y1: Катта Чилонзор-3 | Z1: Қозиробод | AA1: Новза | AB1: Чилонзор | AC1: 1-Қатортол | AD1: Бешчинор | AE1: Боғзор | AF1: Диёр | AG1: Дилобод | AH1: Катта Навбаҳор | AI1: Кўркам | AJ1: Кўтарма | AK1: Қатортол | AL1: Лутфий | AM1: Навбахор | AN1: Нафосат | AO1: Оқ-тепа | AP1: Халқлар Дўстлиги | AQ1: Чўпон-ота | AR1: 2-Қатортол | AS1: Ботирма | AT1: Бўрижар | AU1: Гавхар | AV1: Дўмбиробод | AW1: Зарқўрғон | AX1: Катта Дўмбиробод | AY1: Кичик Хирмонтепа | AZ1: Мевазор | BA1: Мехржон | BB1: Наққошлик | BC1: Фидокор | BD1: Яккабоғ | BE1: Яккатут | BF1: Бешқўрғон
A2: 1. | B2: Савдо ва маиший хизмат кўрсатиш объектларини техник қўриқловга олиш | C2: =+SUM(D2:BF2) -> 13 | D2: =+SUM(D3:D7) -> 0 | E2: =+SUM(E3:E7) -> 0 | F2: =+SUM(F3:F7) -> 2 | G2: =+SUM(G3:G7) -> 0 | H2: =+SUM(H3:H7) -> 0 | I2: =+SUM(I3:I7) -> 0 | J2: =+SUM(J3:J7) -> 0 | K2: =+SUM(K3:K7) -> 0 | ... BF2: =+SUM(BF3:BF7) -> 0
A3: шундан | B3: савдо дўконлари | C3: =+SUM(D3:BF3) -> 8 | F3: 1 | T3: 7
B4: спиртли ичимликлар дўконлари | C4: =+SUM(D4:BF4) -> 0
B5: умумий овқатланиш жойлари | C5: =+SUM(D5:BF5) -> 2 | T5: 1 | AA5: 1
B6: компьютер-плейстейшн | C6: =+SUM(D6:BF6) -> 0
B7: бошқа турдаги объектлар | C7: =+SUM(D7:BF7) -> 3 | F7: 1 | T7: 1 | AA7: 1
A8: 2. | B8: Кўп қаватли ва якка тартибдаги хонадонларни техник қўриқловга олиш | C8: =+SUM(D8:BF8) -> 0
A9: 3. | B9: Кўп қаватли уйларнинг кириш йўлаклари олдига ташвиш тугмаларини ўрнатиш | C9: =+SUM(D9:BF9) -> 14 | T9: 3 | AD9: 11
A10: 4. | B10: Кун давомида келиб тушган "ташвиш хабарлари" | C10: =+SUM(D10:BF10) -> 25 | I10: 1 | N10: 1 | W10: 1 | X10: 3 | Z10: 1 | AA10: 1 | AD10: 1 | AH10: 2 | AK10: 1 | AM10: 6 | AP10: 1 | AS10: 1 | AU10: 1 | BE10: 1 | BF10: 3
A11: 4.1. | B11: Чақирувга асосан ҳодиса жойига етиб борган тезкор ҳаракатланувчи гуруҳ | C11: =+SUM(D11:BF11) -> 25 | I11: 1 | N11: 1 | W11: 1 | X11: 3 | Z11: 1 | AA11: 1 | AD11: 1 | AH11: 2 | AK11: 1 | AM11: 6 | AP11: 1 | AS11: 1 | AU11: 1 | BE11: 1 | BF11: 3
A12: 5. | B12: тезкор ҳаракатланувчи гуруҳлар томонидан аниқланган жиноятлар | C12: =+SUM(D12:BF12) -> 0
A13: 6. | B13: тезкор ҳаракатланувчи гуруҳлар томонидан ушланган қидирувдаги шахслар | C13: =+SUM(D13:BF13) -> 0
A14: 7. | B14: Қўриқлаш хизмати афзалликлари бўйича тарғибот учрашувлари ўтказиш | C14: =+SUM(D14:BF14) -> 190 | D14: 2 | F14: 10 | H14: 3 | J14: 11 | L14: 9 | O14: 12 | S14: 2 | Y14: 56 | Z14: 3 | AC14: 3 | AF14: 2 | AI14: 5 | AL14: 4 | AP14: 3 | AR14: 46 | AX14: 15 | AZ14: 2 | BE14: 2
A15: 8. | B15: “Объект қўриқловда!” ва “Хонадон қўриқловда!” стикерларини жойлаштириш | C15: =+SUM(D15:BF15) -> 22 | AN15: 8 | AR15: 4 | AX15: 10
A16: 9. | B16: Объектларни жисмоний қўриқловга олиш | C16: =+SUM(D16:BF16) -> 0
A17: шундан | B17: шаҳодатланган таркиб | C17: =+SUM(D17:BF17) -> 0
B18: ҳарбийлаштирилган соқчи | C18: =+SUM(D18:BF18) -> 0
B19: қоровуллик | C19: =+SUM(D19:BF19) -> 0

Sheet 02.25
A1: № | B1: Кўрсаткич | C1: жами | D1: Ал-Хоразмий | E1: Бахористон | F1: Бектўпи | G1: Гулистон | H1: Катта Хирмонтепа | I1: Тирсакобод | J1: Хайрабод | K1: Хирмон тепа | L1: Хонтўпи | M1: Шараф | N1: Шарқ | O1: Шарқ тонги | P1: Шухрат | Q1: 1-Чарх Камолон | R1: 2-Чарх Камолон | S1: 3-Чарх Камолон | T1: Бешёғоч | U1: Катта Козиробод | V1: Катта Олмазор | W1: Катта Чилонзор-1 | X1: Катта Чилонзор-2 | Y1: Катта Чилонзор-3 | Z1: Қозиробод | AA1: Новза | AB1: Чилонзор | AC1: 1-Қатортол | AD1: Бешчинор | AE1: Боғзор | AF1: Диёр | AG1: Дилобод | AH1: Катта Навбаҳор | AI1: Кўркам | AJ1: Кўтарма | AK1: Қатортол | AL1: Лутфий | AM1: Навбахор | AN1: Нафосат | AO1: Оқ-тепа | AP1: Халқлар Дўстлиги | AQ1: Чўпон-ота | AR1: 2-Қатортол | AS1: Ботирма | AT1: Бўрижар | AU1: Гавхар | AV1: Дўмбиробод | AW1: Зарқўрғон | AX1: Катта Дўмбиробод | AY1: Кичик Хирмонтепа | AZ1: Мевазор | BA1: Мехржон | BB1: Наққошлик | BC1: Фидокор | BD1: Яккабоғ | BE1: Яккатут | BF1: Бешқўрғон
A2: 1. | B2: Савдо ва маиший хизмат кўрсатиш объектларини техник қўриқловга олиш | C2: =+SUM(D2:BF2) -> 7 | D2: =+SUM(D3:D7) -> 0 | E2: =+SUM(E3:E7) -> 0 | F2: =+SUM(F3:F7) -> 0 | G2: =+SUM(G3:G7) -> 0 | H2: =+SUM(H3:H7) -> 0 | I2: =+SUM(I3:I7) -> 0 | J2: =+SUM(J3:J7) -> 0 | K2: =+SUM(K3:K7) -> 0 | ... BF2: =+SUM(BF3:BF7) -> 0
A3: шундан | B3: савдо дўконлари | C3: =+SUM(D3:BF3) -> 3 | Y3: 3
B4: спиртли ичимликлар дўконлари | C4: =+SUM(D4:BF4) -> 0
B5: умумий овқатланиш жойлари | C5: =+SUM(D5:BF5) -> 1 | Y5: 1
B6: компьютер-плейстейшн | C6: =+SUM(D6:BF6) -> 1 | W6: 1
B7: бошқа турдаги объектлар | C7: =+SUM(D7:BF7) -> 2 | Y7: 2
A8: 2. | B8: Кўп қаватли ва якка тартибдаги хонадонларни техник қўриқловга олиш | C8: =+SUM(D8:BF8) -> 5 | W8: 2 | AS8: 2 | AX8: 1
A9: 3. | B9: Кўп қаватли уйларнинг кириш йўлаклари олдига ташвиш тугмаларини ўрнатиш | C9: =+SUM(D9:BF9) -> 0
A10: 4. | B10: Кун давомида келиб тушган "ташвиш хабарлари" | C10: =+SUM(D10:BF10) -> 19 | E10: 2 | F10: 2 | G10: 1 | I10: 1 | K10: 1 | R10: 1 | U10: 1 | X10: 1 | Y10: 2 | AG10: 3 | AJ10: 1 | AP10: 1 | BA10: 1 | BF10: 1
A11: 4.1. | B11: Чақирувга асосан ҳодиса жойига етиб борган тезкор ҳаракатланувчи гуруҳ | C11: =+SUM(D11:BF11) -> 19 | E11: 2 | F11: 2 | G11: 1 | I11: 1 | K11: 1 | R11: 1 | U11: 1 | X11: 1 | Y11: 2 | AG11: 3 | AJ11: 1 | AP11: 1 | BA11: 1 | BF11: 1
A12: 5. | B12: тезкор ҳаракатланувчи гуруҳлар томонидан аниқланган жиноятлар | C12: =+SUM(D12:BF12) -> 0
A13: 6. | B13: тезкор ҳаракатланувчи гуруҳлар томонидан ушланган қидирувдаги шахслар | C13: =+SUM(D13:BF13) -> 0
A14: 7. | B14: Қўриқлаш хизмати афзалликлари бўйича тарғибот учрашувлари ўтказиш | C14: =+SUM(D14:BF14) -> 178 | E14: 5 | G14: 2 | K14: 10 | V14: 5 | W14: 5 | X14: 6 | Z14: 4 | AE14: 3 | AG14: 8 | AH14: 5 | AJ14: 5 | AL14: 3 | AO14: 7 | AP14: 6 | AR14: 51 | AT14: 7 | AV14: 6 | AX14: 10 | AZ14: 14 | BB14: 5 | BC14: 3 | BE14: 5 | BF14: 3
A15: 8. | B15: “Объект қўриқловда!” ва “Хонадон қўриқловда!” стикерларини жойлаштириш | C15: =+SUM(D15:BF15) -> 15 | W15: 4 | AR15: 6 | AX15: 5
A16: 9. | B16: Объектларни жисмоний қўриқловга олиш | C16: =+SUM(D16:BF16) -> 0
A17: шундан | B17: шаҳодатланган таркиб | C17: =+SUM(D17:BF17) -> 0
B18: ҳарбийлаштирилган соқчи | C18: =+SUM(D18:BF18) -> 0
B19: қоровуллик | C19: =+SUM(D19:BF19) -> 0

Sheet 02.26
A1: № | B1: Кўрсаткич | C1: жами | D1: Ал-Хоразмий | E1: Бахористон | F1: Бектўпи | G1: Гулистон | H1: Катта Хирмонтепа | I1: Тирсакобод | J1: Хайрабод | K1: Хирмон тепа | L1: Хонтўпи | M1: Шараф | N1: Шарқ | O1: Шарқ тонги | P1: Шухрат | Q1: 1-Чарх Камолон | R1: 2-Чарх Камолон | S1: 3-Чарх Камолон | T1: Бешёғоч | U1: Катта Козиробод | V1: Катта Олмазор | W1: Катта Чилонзор-1 | X1: Катта Чилонзор-2 | Y1: Катта Чилонзор-3 | Z1: Қозиробод | AA1: Новза | AB1: Чилонзор | AC1: 1-Қатортол | AD1: Бешчинор | AE1: Боғзор | AF1: Диёр | AG1: Дилобод | AH1: Катта Навбаҳор | AI1: Кўркам | AJ1: Кўтарма | AK1: Қатортол | AL1: Лутфий | AM1: Навбахор | AN1: Нафосат | AO1: Оқ-тепа | AP1: Халқлар Дўстлиги | AQ1: Чўпон-ота | AR1: 2-Қатортол | AS1: Ботирма | AT1: Бўрижар | AU1: Гавхар | AV1: Дўмбиробод | AW1: Зарқўрғон | AX1: Катта Дўмбиробод | AY1: Кичик Хирмонтепа | AZ1: Мевазор | BA1: Мехржон | BB1: Наққошлик | BC1: Фидокор | BD1: Яккабоғ | BE1: Яккатут | BF1: Бешқўрғон
A2: 1. | B2: Савдо ва маиший хизмат кўрсатиш объектларини техник қўриқловга олиш | C2: =+SUM(D2:BF2) -> 21 | D2: =+SUM(D3:D7) -> 0 | E2: =+SUM(E3:E7) -> 0 | F2: =+SUM(F3:F7) -> 5 | G2: =+SUM(G3:G7) -> 0 | H2: =+SUM(H3:H7) -> 0 | I2: =+SUM(I3:I7) -> 0 | J2: =+SUM(J3:J7) -> 0 | K2: =+SUM(K3:K7) -> 0 | ... BF2: =+SUM(BF3:BF7) -> 0
A3: шундан | B3: савдо дўконлари | C3: =+SUM(D3:BF3) -> 6 | F3: 3 | T3: 2 | AA3: 1
B4: спиртли ичимликлар дўконлари | C4: =+SUM(D4:BF4) -> 0
B5: умумий овқатланиш жойлари | C5: =+SUM(D5:BF5) -> 2 | T5: 2
B6: компьютер-плейстейшн | C6: =+SUM(D6:BF6) -> 1 | AA6: 1
B7: бошқа турдаги объектлар | C7: =+SUM(D7:BF7) -> 12 | F7: 2 | T7: 3 | Y7: 2 | AA7: 5
A8: 2. | B8: Кўп қаватли ва якка тартибдаги хонадонларни техник қўриқловга олиш | C8: =+SUM(D8:BF8) -> 4 | F8: 2 | AA8: 2
A9: 3. | B9: Кўп қаватли уйларнинг кириш йўлаклари олдига ташвиш тугмаларини ўрнатиш | C9: =+SUM(D9:BF9) -> 27 | T9: 5 | Y9: 11 | AA9: 11
A10: 4. | B10: Кун давомида келиб тушган "ташвиш хабарлари" | C10: =+SUM(D10:BF10) -> 24 | E10: 1 | F10: 1 | K10: 1 | N10: 1 | T10: 1 | W10: 1 | X10: 2 | Y10: 1 | Z10: 1 | AC10: 1 | AD10: 1 | AG10: 1 | AH10: 1 | AM10: 4 | AN10: 1 | AP10: 2 | AT10: 1 | BB10: 1 | BE10: 1
A11: 4.1. | B11: Чақирувга асосан ҳодиса жойига етиб борган тезкор ҳаракатланувчи гуруҳ | C11: =+SUM(D11:BF11) -> 24 | E11: 1 | F11: 1 | K11: 1 | N11: 1 | T11: 1 | W11: 1 | X11: 2 | Y11: 1 | Z11: 1 | AC11: 1 | AD11: 1 | AG11: 1 | AH11: 1 | AM11: 4 | AN11: 1 | AP11: 2 | AT11: 1 | BB11: 1 | BE11: 1
A12: 5. | B12: тезкор ҳаракатланувчи гуруҳлар томонидан аниқланган жиноятлар | C12: =+SUM(D12:BF12) -> 0
A13: 6. | B13: тезкор ҳаракатланувчи гуруҳлар томонидан ушланган қидирувдаги шахслар | C13: =+SUM(D13:BF13) -> 0
A14: 7. | B14: Қўриқлаш хизмати афзалликлари бўйича тарғибот учрашувлари ўтказиш | C14: =+SUM(D14:BF14) -> 178 | D14: 5 | E14: 2 | F14: 15 | G14: 3 | H14: 2 | I14: 5 | J14: 3 | L14: 4 | M14: 5 | N14: 2 | O14: 3 | P14: 6 | Q14: 3 | S14: 20 | T14: 3 | AB14: 8 | AC14: 4 | AF14: 3 | AG14: 5 | AH14: 4 | AI14: 4 | AJ14: 3 | AM14: 3 | AQ14: 5 | AR14: 25 | AS14: 3 | AU14: 5 | AX14: 13 | BA14: 5 | BB14: 3 | BC14: 2 | BF14: 2
A15: 8. | B15: “Объект қўриқловда!” ва “Хонадон қўриқловда!” стикерларини жойлаштириш | C15: =+SUM(D15:BF15) -> 48 | D15: 2 | E15: 1 | G15: 2 | H15: 1 | K15: 2 | L15: 1 | M15: 2 | O15: 1 | P15: 2 | Q15: 2 | S15: 5 | V15: 1 | AF15: 2 | AG15: 1 | AJ15: 1 | AO15: 2 | AP15: 1 | AR15: 4 | AS15: 1 | AU15: 2 | AV15: 1 | AX15: 6 | AZ15: 2 | BA15: 1 | BC15: 2
A16: 9. | B16: Объектларни жисмоний қўриқловга олиш | C16: =+SUM(D16:BF16) -> 0
A17: шундан | B17: шаҳодатланган таркиб | C17: =+SUM(D17:BF17) -> 0
B18: ҳарбийлаштирилган соқчи | C18: =+SUM(D18:BF18) -> 0
B19: қоровуллик | C19: =+SUM(D19:BF19) -> 0

Sheet 02.27
A1: № | B1: Кўрсаткич | C1: жами | D1: Ал-Хоразмий | E1: Бахористон | F1: Бектўпи | G1: Гулистон | H1: Катта Хирмонтепа | I1: Тирсакобод | J1: Хайрабод | K1: Хирмон тепа | L1: Хонтўпи | M1: Шараф | N1: Шарқ | O1: Шарқ тонги | P1: Шухрат | Q1: 1-Чарх Камолон | R1: 2-Чарх Камолон | S1: 3-Чарх Камолон | T1: Бешёғоч | U1: Катта Козиробод | V1: Катта Олмазор | W1: Катта Чилонзор-1 | X1: Катта Чилонзор-2 | Y1: Катта Чилонзор-3 | Z1: Қозиробод | AA1: Новза | AB1: Чилонзор | AC1: 1-Қатортол | AD1: Бешчинор | AE1: Боғзор | AF1: Диёр | AG1: Дилобод | AH1: Катта Навбаҳор | AI1: Кўркам | AJ1: Кўтарма | AK1: Қатортол | AL1: Лутфий | AM1: Навбахор | AN1: Нафосат | AO1: Оқ-тепа | AP1: Халқлар Дўстлиги | AQ1: Чўпон-ота | AR1: 2-Қатортол | AS1: Ботирма | AT1: Бўрижар | AU1: Гавхар | AV1: Дўмбиробод | AW1: Зарқўрғон | AX1: Катта Дўмбиробод | AY1: Кичик Хирмонтепа | AZ1: Мевазор | BA1: Мехржон | BB1: Наққошлик | BC1: Фидокор | BD1: Яккабоғ | BE1: Яккатут | BF1: Бешқўрғон
A2: 1. | B2: Савдо ва маиший хизмат кўрсатиш объектларини техник қўриқловга олиш | C2: =+SUM(D2:BF2) -> 19 | D2: =+SUM(D3:D7) -> 0 | E2: =+SUM(E3:E7) -> 0 | F2: =+SUM(F3:F7) -> 6 | G2: =+SUM(G3:G7) -> 0 | H2: =+SUM(H3:H7) -> 0 | I2: =+SUM(I3:I7) -> 0 | J2: =+SUM(J3:J7) -> 0 | K2: =+SUM(K3:K7) -> 0 | ... BF2: =+SUM(BF3:BF7) -> 0
A3: шундан | B3: савдо дўконлари | C3: =+SUM(D3:BF3) -> 7 | F3: 1 | T3: 1 | Y3: 5
B4: спиртли ичимликлар дўконлари | C4: =+SUM(D4:BF4) -> 0
B5: умумий овқатланиш жойлари | C5: =+SUM(D5:BF5) -> 3 | F5: 1 | T5: 2
B6: компьютер-плейстейшн | C6: =+SUM(D6:BF6) -> 0
B7: бошқа турдаги объектлар | C7: =+SUM(D7:BF7) -> 9 | F7: 4 | T7: 1 | Y7: 4
A8: 2. | B8: Кўп қаватли ва якка тартибдаги хонадонларни техник қўриқловга олиш | C8: =+SUM(D8:BF8) -> 3 | AD8: 1 | AN8: 2
A9: 3. | B9: Кўп қаватли уйларнинг кириш йўлаклари олдига ташвиш тугмаларини ўрнатиш | C9: =+SUM(D9:BF9) -> 15 | F9: 11 | T9: 1 | Y9: 3
A10: 4. | B10: Кун давомида келиб тушган "ташвиш хабарлари" | C10: =+SUM(D10:BF10) -> 26 | F10: 2 | Q10: 1 | S10: 1 | T10: 2 | U10: 6 | X10: 2 | AA10: 3 | AB10: 1 | AD10: 1 | AG10: 1 | AI10: 1 | AJ10: 2 | AN10: 1 | AT10: 1 | BE10: 1
A11: 4.1. | B11: Чақирувга асосан ҳодиса жойига етиб борган тезкор ҳаракатланувчи гуруҳ | C11: =+SUM(D11:BF11) -> 26 | F11: 2 | Q11: 1 | S11: 1 | T11: 2 | U11: 6 | X11: 2 | AA11: 3 | AB11: 1 | AD11: 1 | AG11: 1 | AI11: 1 | AJ11: 2 | AN11: 1 | AT11: 1 | BE11: 1
A12: 5. | B12: тезкор ҳаракатланувчи гуруҳлар томонидан аниқланган жиноятлар | C12: =+SUM(D12:BF12) -> 0
A13: 6. | B13: тезкор ҳаракатланувчи гуруҳлар томонидан ушланган қидирувдаги шахслар | C13: =+SUM(D13:BF13) -> 0
A14: 7. | B14: Қўриқлаш хизмати афзалликлари бўйича тарғибот учрашувлари ўтказиш | C14: =+SUM(D14:BF14) -> 107 | E14: 5 | G14: 5 | H14: 3 | J14: 5 | L14: 6 | N14: 4 | O14: 9 | Q14: 5 | S14: 3 | Z14: 6 | AC14: 5 | AM14: 7 | AO14: 4 | AR14: 10 | AV14: 4 | AX14: 15 | BA14: 5 | BF14: 6
A15: 8. | B15: “Объект қўриқловда!” ва “Хонадон қўриқловда!” стикерларини жойлаштириш | C15: =+SUM(D15:BF15) -> 27 | E15: 2 | L15: 2 | R15: 4 | V15: 3 | AI15: 2 | AL15: 2 | AQ15: 3 | AT15: 2 | AX15: 7
A16: 9. | B16: Объектларни жисмоний қўриқловга олиш | C16: =+SUM(D16:BF16) -> 0
A17: шундан | B17: шаҳодатланган таркиб | C17: =+SUM(D17:BF17) -> 0
B18: ҳарбийлаштирилган соқчи | C18: =+SUM(D18:BF18) -> 0
B19: қоровуллик | C19: =+SUM(D19:BF19) -> 0

Sheet 02.28
A1: № | B1: Кўрсаткич | C1: жами | D1: Ал-Хоразмий | E1: Бахористон | F1: Бектўпи | G1: Гулистон | H1: Катта Хирмонтепа | I1: Тирсакобод | J1: Хайрабод | K1: Хирмон тепа | L1: Хонтўпи | M1: Шараф | N1: Шарқ | O1: Шарқ тонги | P1: Шухрат | Q1: 1-Чарх Камолон | R1: 2-Чарх Камолон | S1: 3-Чарх Камолон | T1: Бешёғоч | U1: Катта Козиробод | V1: Катта Олмазор | W1: Катта Чилонзор-1 | X1: Катта Чилонзор-2 | Y1: Катта Чилонзор-3 | Z1: Қозиробод | AA1: Новза | AB1: Чилонзор | AC1: 1-Қатортол | AD1: Бешчинор | AE1: Боғзор | AF1: Диёр | AG1: Дилобод | AH1: Катта Навбаҳор | AI1: Кўркам | AJ1: Кўтарма | AK1: Қатортол | AL1: Лутфий | AM1: Навбахор | AN1: Нафосат | AO1: Оқ-тепа | AP1: Халқлар Дўстлиги | AQ1: Чўпон-ота | AR1: 2-Қатортол | AS1: Ботирма | AT1: Бўрижар | AU1: Гавхар | AV1: Дўмбиробод | AW1: Зарқўрғон | AX1: Катта Дўмбиробод | AY1: Кичик Хирмонтепа | AZ1: Мевазор | BA1: Мехржон | BB1: Наққошлик | BC1: Фидокор | BD1: Яккабоғ | BE1: Яккатут | BF1: Бешқўрғон
A2: 1. | B2: Савдо ва маиший хизмат кўрсатиш объектларини техник қўриқловга олиш | C2: =+SUM(D2:BF2) -> 10 | D2: 0 | E2: 0 | F2: 4 | G2: 0 | H2: 0 | I2: 0 | J2: 0 | K2: 0 | L2: 0 | M2: 0 | N2: 0 | O2: 0 | P2: 0 | Q2: 0 | R2: 0 | S2: 0 | T2: 3 | U2: 0 | V2: 0 | W2: 0 | X2: 0 | Y2: 1 | Z2: 0 | AA2: 2 | AB2: 0 | AC2: 0 | AD2: 0 | AE2: 0 | AF2: 0 | AG2: 0 | AH2: 0 | AI2: 0 | AJ2: 0 | AK2: 0 | AL2: 0 | AM2: 0 | AN2: 0 | AO2: 0 | AP2: 0 | AQ2: 0 | AR2: 0 | AS2: 0 | AT2: 0 | AU2: 0 | AV2: 0 | AW2: 0 | AX2: 0 | AY2: 0 | AZ2: 0 | BA2: 0 | BB2: 0 | BC2: 0 | BD2: 0 | BE2: 0 | BF2: 0
A3: шундан | B3: савдо дўконлари | C3: =+SUM(D3:BF3) -> 5 | F3: 3 | T3: 1 | AA3: 1
B4: спиртли ичимликлар дўконлари | C4: =+SUM(D4:BF4) -> 0
B5: умумий овқатланиш жойлари | C5: =+SUM(D5:BF5) -> 2 | F5: 1 | T5: 1
B6: компьютер-плейстейшн | C6: =+SUM(D6:BF6) -> 0
B7: бошқа турдаги объектлар | C7: =+SUM(D7:BF7) -> 3 | T7: 1 | Y7: 1 | AA7: 1
A8: 2. | B8: Кўп қаватли ва якка тартибдаги хонадонларни техник қўриқловга олиш | C8: =+SUM(D8:BF8) -> 0
A9: 3. | B9: Кўп қаватли уйларнинг кириш йўлаклари олдига ташвиш тугмаларини ўрнатиш | C9: =+SUM(D9:BF9) -> 23 | T9: 1 | Y9: 8 | AA9: 13 | AE9: 1
A10: 4. | B10: Кун давомида келиб тушган "ташвиш хабарлари" | C10: =+SUM(D10:BF10) -> 23 | Q10: 1 | S10: 1 | T10: 1 | U10: 1 | V10: 1 | W10: 1 | X10: 1 | Y10: 5 | AA10: 4 | AD10: 1 | AJ10: 1 | AK10: 1 | AP10: 1 | AV10: 2 | AW10: 1
A11: 4.1. | B11: Чақирувга асосан ҳодиса жойига етиб борган тезкор ҳаракатланувчи гуруҳ | C11: =+SUM(D11:BF11) -> 23 | Q11: 1 | S11: 1 | T11: 1 | U11: 1 | V11: 1 | W11: 1 | X11: 1 | Y11: 5 | AA11: 4 | AD11: 1 | AJ11: 1 | AK11: 1 | AP11: 1 | AV11: 2 | AW11: 1
A12: 5. | B12: тезкор ҳаракатланувчи гуруҳлар томонидан аниқланган жиноятлар | C12: =+SUM(D12:BF12) -> 0
A13: 6. | B13: тезкор ҳаракатланувчи гуруҳлар томонидан ушланган қидирувдаги шахслар | C13: =+SUM(D13:BF13) -> 0
A14: 7. | B14: Қўриқлаш хизмати афзалликлари бўйича тарғибот учрашувлари ўтказиш | C14: =+SUM(D14:BF14) -> 220 | D14: 5 | E14: 4 | F14: 15 | G14: 3 | H14: 5 | I14: 9 | J14: 8 | K14: 4 | L14: 6 | M14: 4 | N14: 3 | O14: 5 | P14: 5 | R14: 6 | T14: 7 | U14: 6 | V14: 7 | X14: 4 | Z14: 3 | AB14: 6 | AE14: 9 | AF14: 8 | AG14: 5 | AH14: 4 | AI14: 5 | AJ14: 3 | AL14: 5 | AP14: 6 | AQ14: 5 | AR14: 10 | AS14: 5 | AU14: 5 | AY14: 16 | BA14: 4 | BB14: 5 | BC14: 3 | BE14: 5 | BF14: 2
A15: 8. | B15: “Объект қўриқловда!” ва “Хонадон қўриқловда!” стикерларини жойлаштириш | C15: =+SUM(D15:BF15) -> 31 | D15: 2 | E15: 1 | H15: 1 | K15: 2 | M15: 2 | Q15: 1 | U15: 3 | X15: 2 | Z15: 1 | AC15: 3 | AF15: 2 | AG15: 1 | AJ15: 1 | AP15: 2 | AV15: 2 | BC15: 3 | BE15: 2
A16: 9. | B16: Объектларни жисмоний қўриқловга олиш | C16: =+SUM(D16:BF16) -> 0
A17: шундан | B17: шаҳодатланган таркиб | C17: =+SUM(D17:BF17) -> 0
B18: ҳарбийлаштирилган соқчи | C18: =+SUM(D18:BF18) -> 0
B19: қоровуллик | C19: =+SUM(D19:BF19) -> 0
F20: 83 | T20: 27 | Y20: 106 | AA20: 89 | AN20: 1

Sheet 03.01
A1: № | B1: Кўрсаткич | C1: жами | D1: Ал-Хоразмий | E1: Бахористон | F1: Бектўпи | G1: Гулистон | H1: Катта Хирмонтепа | I1: Тирсакобод | J1: Хайрабод | K1: Хирмон тепа | L1: Хонтўпи | M1: Шараф | N1: Шарқ | O1: Шарқ тонги | P1: Шухрат | Q1: 1-Чарх Камолон | R1: 2-Чарх Камолон | S1: 3-Чарх Камолон | T1: Бешёғоч | U1: Катта Козиробод | V1: Катта Олмазор | W1: Катта Чилонзор-1 | X1: Катта Чилонзор-2 | Y1: Катта Чилонзор-3 | Z1: Қозиробод | AA1: Новза | AB1: Чилонзор | AC1: 1-Қатортол | AD1: Бешчинор | AE1: Боғзор | AF1: Диёр | AG1: Дилобод | AH1: Катта Навбаҳор | AI1: Кўркам | AJ1: Кўтарма | AK1: Қатортол | AL1: Лутфий | AM1: Навбахор | AN1: Нафосат | AO1: Оқ-тепа | AP1: Халқлар Дўстлиги | AQ1: Чўпон-ота | AR1: 2-Қатортол | AS1: Ботирма | AT1: Бўрижар | AU1: Гавхар | AV1: Дўмбиробод | AW1: Зарқўрғон | AX1: Катта Дўмбиробод | AY1: Кичик Хирмонтепа | AZ1: Мевазор | BA1: Мехржон | BB1: Наққошлик | BC1: Фидокор | BD1: Яккабоғ | BE1: Яккатут | BF1: Бешқўрғон
A2: 1. | B2: Савдо ва маиший хизмат кўрсатиш объектларини техник қўриқловга олиш | C2: =+SUM(D2:BF2) -> 8 | D2: 0 | E2: 0 | F2: 3 | G2: 0 | H2: 0 | I2: 1 | J2: 0 | K2: 0 | L2: 0 | M2: 0 | N2: 0 | O2: 0 | P2: 0 | Q2: 0 | R2: 0 | S2: 0 | T2: 1 | U2: 0 | V2: 0 | W2: 0 | X2: 0 | Y2: 2 | Z2: 0 | AA2: 1 | AB2: 0 | AC2: 0 | AD2: 0 | AE2: 0 | AF2: 0 | AG2: 0 | AH2: 0 | AI2: 0 | AJ2: 0 | AK2: 0 | AL2: 0 | AM2: 0 | AN2: 0 | AO2: 0 | AP2: 0 | AQ2: 0 | AR2: 0 | AS2: 0 | AT2: 0 | AU2: 0 | AV2: 0 | AW2: 0 | AX2: 0 | AY2: 0 | AZ2: 0 | BA2: 0 | BB2: 0 | BC2: 0 | BD2: 0 | BE2: 0 | BF2: 0
A3: шундан | B3: савдо дўконлари | C3: =+SUM(D3:BF3) -> 3 | Y3: 2 | AA3: 1
B4: спиртли ичимликлар дўконлари | C4: =+SUM(D4:BF4) -> 0
B5: умумий овқатланиш жойлари | C5: =+SUM(D5:BF5) -> 1 | T5: 1
B6: компьютер-плейстейшн | C6: =+SUM(D6:BF6) -> 0
B7: бошқа турдаги объектлар | C7: =+SUM(D7:BF7) -> 4 | F7: 3 | I7: 1
A8: 2. | B8: Кўп қаватли ва якка тартибдаги хонадонларни техник қўриқловга олиш | C8: =+SUM(D8:BF8) -> 0
A9: 3. | B9: Кўп қаватли уйларнинг кириш йўлаклари олдига ташвиш тугмаларини ўрнатиш | C9: =+SUM(D9:BF9) -> 4 | T9: 1 | AA9: 3
A10: 4. | B10: Кун давомида келиб тушган "ташвиш хабарлари" | C10: =+SUM(D10:BF10) -> 9 | F10: 1 | U10: 2 | Y10: 1 | Z10: 2 | AA10: 2 | AN10: 1
A11: 4.1. | B11: Чақирувга асосан ҳодиса жойига етиб борган тезкор ҳаракатланувчи гуруҳ | C11: =+SUM(D11:BF11) -> 9 | F11: 1 | U11: 2 | Y11: 1 | Z11: 2 | AA11: 2 | AN11: 1
A12: 5. | B12: тезкор ҳаракатланувчи гуруҳлар томонидан аниқланган жиноятлар | C12: =+SUM(D12:BF12) -> 0
A13: 6. | B13: тезкор ҳаракатланувчи гуруҳлар томонидан ушланган қидирувдаги шахслар | C13: =+SUM(D13:BF13) -> 0
A14: 7. | B14: Қўриқлаш хизмати афзалликлари бўйича тарғибот учрашувлари ўтказиш | C14: =+SUM(D14:BF14) -> 140 | F14: 15 | H14: 3 | I14: 15 | N14: 3 | Q14: 3 | T14: 20 | W14: 3 | X14: 4 | AA14: 16 | AC14: 3 | AH14: 3 | AI14: 5 | AJ14: 5 | AL14: 8 | AO14: 4 | AQ14: 5 | AS14: 6 | AV14: 5 | BA14: 4 | BC14: 7 | BF14: 3
A15: 8. | B15: “Объект қўриқловда!” ва “Хонадон қўриқловда!” стикерларини жойлаштириш | C15: =+SUM(D15:BF15) -> 35 | F15: 3 | I15: 5 | J15: 2 | P15: 1 | T15: 4 | V15: 2 | AA15: 6 | AG15: 1 | AM15: 2 | AS15: 2 | AU15: 1 | AY15: 3 | BB15: 2 | BF15: 1
A16: 9. | B16: Объектларни жисмоний қўриқловга олиш | C16: =+SUM(D16:BF16) -> 0
A17: шундан | B17: шаҳодатланган таркиб | C17: =+SUM(D17:BF17) -> 0
B18: ҳарбийлаштирилган соқчи | C18: =+SUM(D18:BF18) -> 0
B19: қоровуллик | C19: =+SUM(D19:BF19) -> 0
F20: 67 | T20: 7 | Y20: 63 | AA20: 68

Sheet 03.02
A1: № | B1: Кўрсаткич | C1: жами | D1: Ал-Хоразмий | E1: Бахористон | F1: Бектўпи | G1: Гулистон | H1: Катта Хирмонтепа | I1: Тирсакобод | J1: Хайрабод | K1: Хирмон тепа | L1: Хонтўпи | M1: Шараф | N1: Шарқ | O1: Шарқ тонги | P1: Шухрат | Q1: 1-Чарх Камолон | R1: 2-Чарх Камолон | S1: 3-Чарх Камолон | T1: Бешёғоч | U1: Катта Козиробод | V1: Катта Олмазор | W1: Катта Чилонзор-1 | X1: Катта Чилонзор-2 | Y1: Катта Чилонзор-3 | Z1: Қозиробод | AA1: Новза | AB1: Чилонзор | AC1: 1-Қатортол | AD1: Бешчинор | AE1: Боғзор | AF1: Диёр | AG1: Дилобод | AH1: Катта Навбаҳор | AI1: Кўркам | AJ1: Кўтарма | AK1: Қатортол | AL1: Лутфий | AM1: Навбахор | AN1: Нафосат | AO1: Оқ-тепа | AP1: Халқлар Дўстлиги | AQ1: Чўпон-ота | AR1: 2-Қатортол | AS1: Ботирма | AT1: Бўрижар | AU1: Гавхар | AV1: Дўмбиробод | AW1: Зарқўрғон | AX1: Катта Дўмбиробод | AY1: Кичик Хирмонтепа | AZ1: Мевазор | BA1: Мехржон | BB1: Наққошлик | BC1: Фидокор | BD1: Яккабоғ | BE1: Яккатут | BF1: Бешқўрғон
A2: 1. | B2: Савдо ва маиший хизмат кўрсатиш объектларини техник қўриқловга олиш | C2: =+SUM(D2:BF2) -> 5 | D2: 0 | E2: 0 | F2: 0 | G2: 0 | H2: 0 | I2: 0 | J2: 0 | K2: 0 | L2: 0 | M2: 0 | N2: 0 | O2: 0 | P2: 0 | Q2: 0 | R2: 0 | S2: 0 | T2: 1 | U2: 0 | V2: 0 | W2: 0 | X2: 0 | Y2: 1 | Z2: 0 | AA2: 3 | AB2: 0 | AC2: 0 | AD2: 0 | AE2: 0 | AF2: 0 | AG2: 0 | AH2: 0 | AI2: 0 | AJ2: 0 | AK2: 0 | AL2: 0 | AM2: 0 | AN2: 0 | AO2: 0 | AP2: 0 | AQ2: 0 | AR2: 0 | AS2: 0 | AT2: 0 | AU2: 0 | AV2: 0 | AW2: 0 | AX2: 0 | AY2: 0 | AZ2: 0 | BA2: 0 | BB2: 0 | BC2: 0 | BD2: 0 | BE2: 0 | BF2: 0
A3: шундан | B3: савдо дўконлари | C3: =+SUM(D3:BF3) -> 2 | AA3: 2
B4: спиртли ичимликлар дўконлари | C4: =+SUM(D4:BF4) -> 0
B5: умумий овқатланиш жойлари | C5: =+SUM(D5:BF5) -> 1 | AA5: 1
B6: компьютер-плейстейшн | C6: =+SUM(D6:BF6) -> 0
B7: бошқа турдаги объектлар | C7: =+SUM(D7:BF7) -> 2 | T7: 1 | Y7: 1
A8: 2. | B8: Кўп қаватли ва якка тартибдаги хонадонларни техник қўриқловга олиш | C8: =+SUM(D8:BF8) -> 0
A9: 3. | B9: Кўп қаватли уйларнинг кириш йўлаклари олдига ташвиш тугмаларини ўрнатиш | C9: =+SUM(D9:BF9) -> 4 | Y9: 4
A10: 4. | B10: Кун давомида келиб тушган "ташвиш хабарлари" | C10: =+SUM(D10:BF10) -> 26 | F10: 2 | J10: 1 | L10: 1 | P10: 1 | T10: 2 | U10: 1 | Y10: 3 | Z10: 1 | AA10: 1 | AH10: 2 | AJ10: 2 | AK10: 2 | AL10: 1 | AP10: 1 | AQ10: 1 | AS10: 1 | AW10: 1 | BF10: 2
A11: 4.1. | B11: Чақирувга асосан ҳодиса жойига етиб борган тезкор ҳаракатланувчи гуруҳ | C11: =+SUM(D11:BF11) -> 26 | F11: 2 | J11: 1 | L11: 1 | P11: 1 | T11: 2 | U11: 1 | Y11: 3 | Z11: 1 | AA11: 1 | AH11: 2 | AJ11: 2 | AK11: 2 | AL11: 1 | AP11: 1 | AQ11: 1 | AS11: 1 | AW11: 1 | BF11: 2
A12: 5. | B12: тезкор ҳаракатланувчи гуруҳлар томонидан аниқланган жиноятлар | C12: =+SUM(D12:BF12) -> 0
A13: 6. | B13: тезкор ҳаракатланувчи гуруҳлар томонидан ушланган қидирувдаги шахслар | C13: =+SUM(D13:BF13) -> 0
A14: 7. | B14: Қўриқлаш хизмати афзалликлари бўйича тарғибот учрашувлари ўтказиш | C14: =+SUM(D14:BF14) -> 162 | D14: 4 | F14: 20 | G14: 3 | I14: 9 | K14: 11 | M14: 5 | N14: 4 | P14: 5 | R14: 8 | T14: 8 | U14: 4 | Y14: 20 | AA14: 18 | AB14: 4 | AE14: 5 | AG14: 3 | AO14: 2 | AR14: 12 | AT14: 3 | AU14: 5 | BB14: 4 | BE14: 5
A15: 8. | B15: “Объект қўриқловда!” ва “Хонадон қўриқловда!” стикерларини жойлаштириш | C15: =+SUM(D15:BF15) -> 45 | F15: 4 | G15: 1 | I15: 3 | K15: 4 | N15: 3 | T15: 6 | Y15: 8 | AA15: 9 | AH15: 2 | AJ15: 3 | BA15: 2
A16: 9. | B16: Объектларни жисмоний қўриқловга олиш | C16: =+SUM(D16:BF16) -> 0
A17: шундан | B17: шаҳодатланган таркиб | C17: =+SUM(D17:BF17) -> 0
B18: ҳарбийлаштирилган соқчи | C18: =+SUM(D18:BF18) -> 0
B19: қоровуллик | C19: =+SUM(D19:BF19) -> 0
T20: 20 | Y20: 86 | AA20: 35

Sheet 03.03
A1: № | B1: Кўрсаткич | C1: жами | D1: Ал-Хоразмий | E1: Бахористон | F1: Бектўпи | G1: Гулистон | H1: Катта Хирмонтепа | I1: Тирсакобод | J1: Хайрабод | K1: Хирмон тепа | L1: Хонтўпи | M1: Шараф | N1: Шарқ | O1: Шарқ тонги | P1: Шухрат | Q1: 1-Чарх Камолон | R1: 2-Чарх Камолон | S1: 3-Чарх Камолон | T1: Бешёғоч | U1: Катта Козиробод | V1: Катта Олмазор | W1: Катта Чилонзор-1 | X1: Катта Чилонзор-2 | Y1: Катта Чилонзор-3 | Z1: Қозиробод | AA1: Новза | AB1: Чилонзор | AC1: 1-Қатортол | AD1: Бешчинор | AE1: Боғзор | AF1: Диёр | AG1: Дилобод | AH1: Катта Навбаҳор | AI1: Кўркам | AJ1: Кўтарма | AK1: Қатортол | AL1: Лутфий | AM1: Навбахор | AN1: Нафосат | AO1: Оқ-тепа | AP1: Халқлар Дўстлиги | AQ1: Чўпон-ота | AR1: 2-Қатортол | AS1: Ботирма | AT1: Бўрижар | AU1: Гавхар | AV1: Дўмбиробод | AW1: Зарқўрғон | AX1: Катта Дўмбиробод | AY1: Кичик Хирмонтепа | AZ1: Мевазор | BA1: Мехржон | BB1: Наққошлик | BC1: Фидокор | BD1: Яккабоғ | BE1: Яккатут | BF1: Бешқўрғон
A2: 1. | B2: Савдо ва маиший хизмат кўрсатиш объектларини техник қўриқловга олиш | C2: =+SUM(D2:BF2) -> 17 | D2: 0 | E2: 0 | F2: 5 | G2: 0 | H2: 0 | I2: 0 | J2: 0 | K2: 0 | L2: 0 | M2: 1 | N2: 0 | O2: 0 | P2: 1 | Q2: 0 | R2: 0 | S2: 0 | T2: 0 | U2: 0 | V2: 0 | W2: 0 | X2: 0 | Y2: 5 | Z2: 0 | AA2: 5 | AB2: 0 | AC2: 0 | AD2: 0 | AE2: 0 | AF2: 0 | AG2: 0 | AH2: 0 | AI2: 0 | AJ2: 0 | AK2: 0 | AL2: 0 | AM2: 0 | AN2: 0 | AO2: 0 | AP2: 0 | AQ2: 0 | AR2: 0 | AS2: 0 | AT2: 0 | AU2: 0 | AV2: 0 | AW2: 0 | AX2: 0 | AY2: 0 | AZ2: 0 | BA2: 0 | BB2: 0 | BC2: 0 | BD2: 0 | BE2: 0 | BF2: 0
A3: шундан | B3: савдо дўконлари | C3: =+SUM(D3:BF3) -> 7 | F3: 2 | Y3: 3 | AA3: 2
B4: спиртли ичимликлар дўконлари | C4: =+SUM(D4:BF4) -> 0
B5: умумий овқатланиш жойлари | C5: =+SUM(D5:BF5) -> 1 | F5: 1
B6: компьютер-плейстейшн | C6: =+SUM(D6:BF6) -> 2 | M6: 1 | P6: 1
B7: бошқа турдаги объектлар | C7: =+SUM(D7:BF7) -> 7 | F7: 2 | Y7: 2 | AA7: 3
A8: 2. | B8: Кўп қаватли ва якка тартибдаги хонадонларни техник қўриқловга олиш | C8: =+SUM(D8:BF8) -> 0
A9: 3. | B9: Кўп қаватли уйларнинг кириш йўлаклари олдига ташвиш тугмаларини ўрнатиш | C9: =+SUM(D9:BF9) -> 9 | Y9: 4 | AA9: 5
A10: 4. | B10: Кун давомида келиб тушган "ташвиш хабарлари" | C10: =+SUM(D10:BF10) -> 18 | F10: 3 | G10: 2 | H10: 1 | N10: 1 | Y10: 2 | AA10: 5 | AB10: 1 | AG10: 1 | AM10: 1 | BF10: 1
A11: 4.1. | B11: Чақирувга асосан ҳодиса жойига етиб борган тезкор ҳаракатланувчи гуруҳ | C11: =+SUM(D11:BF11) -> 18 | F11: 3 | G11: 2 | H11: 1 | N11: 1 | Y11: 2 | AA11: 5 | AB11: 1 | AG11: 1 | AM11: 1 | BF11: 1
A12: 5. | B12: тезкор ҳаракатланувчи гуруҳлар томонидан аниқланган жиноятлар | C12: =+SUM(D12:BF12) -> 0
A13: 6. | B13: тезкор ҳаракатланувчи гуруҳлар томонидан ушланган қидирувдаги шахслар | C13: =+SUM(D13:BF13) -> 0
A14: 7. | B14: Қўриқлаш хизмати афзалликлари бўйича тарғибот учрашувлари ўтказиш | C14: =+SUM(D14:BF14) -> 175 | F14: 11 | H14: 5 | J14: 5 | L14: 8 | O14: 6 | Q14: 5 | T14: 23 | V14: 5 | W14: 3 | Y14: 14 | AA14: 9 | AC14: 5 | AE14: 8 | AF14: 5 | AH14: 6 | AI14: 5 | AJ14: 3 | AP14: 9 | AR14: 10 | AT14: 6 | AV14: 5 | AZ14: 6 | BB14: 7 | BC14: 3 | BE14: 3
A15: 8. | B15: “Объект қўриқловда!” ва “Хонадон қўриқловда!” стикерларини жойлаштириш | C15: =+SUM(D15:BF15) -> 37 | F15: 3 | H15: 2 | J15: 2 | L15: 1 | O15: 2 | Q15: 1 | T15: 4 | Y15: 5 | AA15: 5 | AE15: 2 | AP15: 1 | AR15: 2 | AV15: 3 | AZ15: 4
A16: 9. | B16: Объектларни жисмоний қўриқловга олиш | C16: =+SUM(D16:BF16) -> 0
A17: шундан | B17: шаҳодатланган таркиб | C17: =+SUM(D17:BF17) -> 0
B18: ҳарбийлаштирилган соқчи | C18: =+SUM(D18:BF18) -> 0
B19: қоровуллик | C19: =+SUM(D19:BF19) -> 0
F20: 39 | T20: 29 | Y20: 153 | AA20: 57 | AB20: 1

Sheet 03.04
A1: № | B1: Кўрсаткич | C1: жами | D1: Ал-Хоразмий | E1: Бахористон | F1: Бектўпи | G1: Гулистон | H1: Катта Хирмонтепа | I1: Тирсакобод | J1: Хайрабод | K1: Хирмон тепа | L1: Хонтўпи | M1: Шараф | N1: Шарқ | O1: Шарқ тонги | P1: Шухрат | Q1: 1-Чарх Камолон | R1: 2-Чарх Камолон | S1: 3-Чарх Камолон | T1: Бешёғоч | U1: Катта Козиробод | V1: Катта Олмазор | W1: Катта Чилонзор-1 | X1: Катта Чилонзор-2 | Y1: Катта Чилонзор-3 | Z1: Қозиробод | AA1: Новза | AB1: Чилонзор | AC1: 1-Қатортол | AD1: Бешчинор | AE1: Боғзор | AF1: Диёр | AG1: Дилобод | AH1: Катта Навбаҳор | AI1: Кўркам | AJ1: Кўтарма | AK1: Қатортол | AL1: Лутфий | AM1: Навбахор | AN1: Нафосат | AO1: Оқ-тепа | AP1: Халқлар Дўстлиги | AQ1: Чўпон-ота | AR1: 2-Қатортол | AS1: Ботирма | AT1: Бўрижар | AU1: Гавхар | AV1: Дўмбиробод | AW1: Зарқўрғон | AX1: Катта Дўмбиробод | AY1: Кичик Хирмонтепа | AZ1: Мевазор | BA1: Мехржон | BB1: Наққошлик | BC1: Фидокор | BD1: Яккабоғ | BE1: Яккатут | BF1: Бешқўрғон
A2: 1. | B2: Савдо ва маиший хизмат кўрсатиш объектларини техник қўриқловга олиш | C2: =+SUM(D2:BF2) -> 25 | D2: 0 | E2: 0 | F2: 6 | G2: 0 | H2: 0 | I2: 0 | J2: 0 | K2: 0 | L2: 0 | M2: 0 | N2: 0 | O2: 0 | P2: 0 | Q2: 0 | R2: 0 | S2: 0 | T2: 4 | U2: 0 | V2: 0 | W2: 0 | X2: 0 | Y2: 8 | Z2: 0 | AA2: 7 | AB2: 0 | AC2: 0 | AD2: 0 | AE2: 0 | AF2: 0 | AG2: 0 | AH2: 0 | AI2: 0 | AJ2: 0 | AK2: 0 | AL2: 0 | AM2: 0 | AN2: 0 | AO2: 0 | AP2: 0 | AQ2: 0 | AR2: 0 | AS2: 0 | AT2: 0 | AU2: 0 | AV2: 0 | AW2: 0 | AX2: 0 | AY2: 0 | AZ2: 0 | BA2: 0 | BB2: 0 | BC2: 0 | BD2: 0 | BE2: 0 | BF2: 0
A3: шундан | B3: савдо дўконлари | C3: =+SUM(D3:BF3) -> 15 | F3: 4 | T3: 1 | Y3: 6 | AA3: 4
B4: спиртли ичимликлар дўконлари | C4: =+SUM(D4:BF4) -> 0
B5: умумий овқатланиш жойлари | C5: =+SUM(D5:BF5) -> 1 | Y5: 1
B6: компьютер-плейстейшн | C6: =+SUM(D6:BF6) -> 0
B7: бошқа турдаги объектлар | C7: =+SUM(D7:BF7) -> 9 | F7: 2 | T7: 3 | Y7: 1 | AA7: 3
A8: 2. | B8: Кўп қаватли ва якка тартибдаги хонадонларни техник қўриқловга олиш | C8: =+SUM(D8:BF8) -> 0
A9: 3. | B9: Кўп қаватли уйларнинг кириш йўлаклари олдига ташвиш тугмаларини ўрнатиш | C9: =+SUM(D9:BF9) -> 11 | AA9: 11
A10: 4. | B10: Кун давомида келиб тушган "ташвиш хабарлари" | C10: =+SUM(D10:BF10) -> 36 | F10: 6 | G10: 3 | H10: 1 | N10: 1 | W10: 1 | Y10: 3 | Z10: 1 | AA10: 8 | AB10: 1 | AD10: 1 | AG10: 1 | AJ10: 2 | AM10: 1 | AS10: 2 | AV10: 1 | AY10: 1 | BA10: 1 | BF10: 1
A11: 4.1. | B11: Чақирувга асосан ҳодиса жойига етиб борган тезкор ҳаракатланувчи гуруҳ | C11: =+SUM(D11:BF11) -> 36 | F11: 6 | G11: 3 | H11: 1 | N11: 1 | W11: 1 | Y11: 3 | Z11: 1 | AA11: 8 | AB11: 1 | AD11: 1 | AG11: 1 | AJ11: 2 | AM11: 1 | AS11: 2 | AV11: 1 | AY11: 1 | BA11: 1 | BF11: 1
A12: 5. | B12: тезкор ҳаракатланувчи гуруҳлар томонидан аниқланган жиноятлар | C12: =+SUM(D12:BF12) -> 0
A13: 6. | B13: тезкор ҳаракатланувчи гуруҳлар томонидан ушланган қидирувдаги шахслар | C13: =+SUM(D13:BF13) -> 0
A14: 7. | B14: Қўриқлаш хизмати афзалликлари бўйича тарғибот учрашувлари ўтказиш | C14: =+SUM(D14:BF14) -> 217 | D14: 3 | F14: 25 | G14: 5 | M14: 5 | P14: 5 | Q14: 5 | T14: 16 | U14: 6 | Y14: 20 | AA14: 17 | AB14: 3 | AN14: 96 | AR14: 11
A15: 8. | B15: “Объект қўриқловда!” ва “Хонадон қўриқловда!” стикерларини жойлаштириш | C15: =+SUM(D15:BF15) -> 9 | AN15: 8 | AR15: 1
A16: 9. | B16: Объектларни жисмоний қўриқловга олиш | C16: =+SUM(D16:BF16) -> 0
A17: шундан | B17: шаҳодатланган таркиб | C17: =+SUM(D17:BF17) -> 0
B18: ҳарбийлаштирилган соқчи | C18: =+SUM(D18:BF18) -> 0
B19: қоровуллик | C19: =+SUM(D19:BF19) -> 0
F20: 93 | L20: 1 | T20: 10 | Y20: 94 | AA20: 119 | AR20: 2 | BB20: 1

Sheet 03.05
A1: № | B1: Кўрсаткич | C1: жами | D1: Ал-Хоразмий | E1: Бахористон | F1: Бектўпи | G1: Гулистон | H1: Катта Хирмонтепа | I1: Тирсакобод | J1: Хайрабод | K1: Хирмон тепа | L1: Хонтўпи | M1: Шараф | N1: Шарқ | O1: Шарқ тонги | P1: Шухрат | Q1: 1-Чарх Камолон | R1: 2-Чарх Камолон | S1: 3-Чарх Камолон | T1: Бешёғоч | U1: Катта Козиробод | V1: Катта Олмазор | W1: Катта Чилонзор-1 | X1: Катта Чилонзор-2 | Y1: Катта Чилонзор-3 | Z1: Қозиробод | AA1: Новза | AB1: Чилонзор | AC1: 1-Қатортол | AD1: Бешчинор | AE1: Боғзор | AF1: Диёр | AG1: Дилобод | AH1: Катта Навбаҳор | AI1: Кўркам | AJ1: Кўтарма | AK1: Қатортол | AL1: Лутфий | AM1: Навбахор | AN1: Нафосат | AO1: Оқ-тепа | AP1: Халқлар Дўстлиги | AQ1: Чўпон-ота | AR1: 2-Қатортол | AS1: Ботирма | AT1: Бўрижар | AU1: Гавхар | AV1: Дўмбиробод | AW1: Зарқўрғон | AX1: Катта Дўмбиробод | AY1: Кичик Хирмонтепа | AZ1: Мевазор | BA1: Мехржон | BB1: Наққошлик | BC1: Фидокор | BD1: Яккабоғ | BE1: Яккатут | BF1: Бешқўрғон
A2: 1. | B2: Савдо ва маиший хизмат кўрсатиш объектларини техник қўриқловга олиш | C2: 15 | F2: 2 | T2: 3 | Y2: 4 | AA2: 5 | AJ2: 1
A3: шундан | B3: савдо дўконлари | C3: 8 | F3: 2 | T3: 1 | Y3: 3 | AA3: 2
B4: спиртли ичимликлар дўконлари
B5: умумий овқатланиш жойлари | C5: 2 | T5: 1 | Y5: 1
B6: компьютер-плейстейшн
B7: бошқа турдаги объектлар | C7: 5 | T7: 1 | AA7: 3 | AJ7: 1
A8: 2. | B8: Кўп қаватли ва якка тартибдаги хонадонларни техник қўриқловга олиш
A9: 3. | B9: Кўп қаватли уйларнинг кириш йўлаклари олдига ташвиш тугмаларини ўрнатиш | C9: 13 | Y9: 7 | AA9: 6
A10: 4. | B10: Кун давомида келиб тушган "ташвиш хабарлари" | C10: 17 | D10: 2 | F10: 2 | G10: 1 | N10: 1 | V10: 1 | W10: 1 | Y10: 1 | AA10: 2 | AG10: 1 | AM10: 1 | AP10: 1 | AS10: 2 | AW10: 1
A11: 4.1. | B11: Чақирувга асосан ҳодиса жойига етиб борган тезкор ҳаракатланувчи гуруҳ | C11: 17 | D11: 2 | F11: 2 | G11: 1 | N11: 1 | V11: 1 | W11: 1 | Y11: 1 | AA11: 2 | AG11: 1 | AM11: 1 | AP11: 1 | AS11: 2 | AW11: 1
A12: 5. | B12: тезкор ҳаракатланувчи гуруҳлар томонидан аниқланган жиноятлар
A13: 6. | B13: тезкор ҳаракатланувчи гуруҳлар томонидан ушланган қидирувдаги шахслар
A14: 7. | B14: Қўриқлаш хизмати афзалликлари бўйича тарғибот учрашувлари ўтказиш | C14: 192 | D14: 4 | E14: 5 | G14: 3 | H14: 4 | M14: 3 | N14: 5 | R14: 5 | W14: 5 | X14: 6 | Z14: 7 | AC14: 5 | AG14: 7 | AJ14: 6 | AL14: 5 | AN14: 74 | AQ14: 5 | AR14: 15 | AS14: 3 | AU14: 6 | BA14: 7 | BC14: 5 | BE14: 2 | BF14: 5
A15: 8. | B15: “Объект қўриқловда!” ва “Хонадон қўриқловда!” стикерларини жойлаштириш | C15: 36 | D15: 1 | G15: 2 | U15: 3 | Z15: 2 | AC15: 3 | AF15: 2 | AG15: 1 | AI15: 2 | AL15: 2 | AO15: 3 | AR15: 2 | AU15: 2 | AY15: 2 | BA15: 1 | BB15: 3 | BC15: 3 | BF15: 2
A16: 9. | B16: Объектларни жисмоний қўриқловга олиш
A17: шундан | B17: шаҳодатланган таркиб
B18: ҳарбийлаштирилган соқчи
B19: қоровуллик
C20: 263 | F20: 53 | Y20: 99 | AA20: 111

Sheet 03.06
A1: № | B1: Кўрсаткич | C1: жами | D1: Ал-Хоразмий | E1: Бахористон | F1: Бектўпи | G1: Гулистон | H1: Катта Хирмонтепа | I1: Тирсакобод | J1: Хайрабод | K1: Хирмон тепа | L1: Хонтўпи | M1: Шараф | N1: Шарқ | O1: Шарқ тонги | P1: Шухрат | Q1: 1-Чарх Камолон | R1: 2-Чарх Камолон | S1: 3-Чарх Камолон | T1: Бешёғоч | U1: Катта Козиробод | V1: Катта Олмазор | W1: Катта Чилонзор-1 | X1: Катта Чилонзор-2 | Y1: Катта Чилонзор-3 | Z1: Қозиробод | AA1: Новза | AB1: Чилонзор | AC1: 1-Қатортол | AD1: Бешчинор | AE1: Боғзор | AF1: Диёр | AG1: Дилобод | AH1: Катта Навбаҳор | AI1: Кўркам | AJ1: Кўтарма | AK1: Қатортол | AL1: Лутфий | AM1: Навбахор | AN1: Нафосат | AO1: Оқ-тепа | AP1: Халқлар Дўстлиги | AQ1: Чўпон-ота | AR1: 2-Қатортол | AS1: Ботирма | AT1: Бўрижар | AU1: Гавхар | AV1: Дўмбиробод | AW1: Зарқўрғон | AX1: Катта Дўмбиробод | AY1: Кичик Хирмонтепа | AZ1: Мевазор | BA1: Мехржон | BB1: Наққошлик | BC1: Фидокор | BD1: Яккабоғ | BE1: Яккатут | BF1: Бешқўрғон
A2: 1. | B2: Савдо ва маиший хизмат кўрсатиш объектларини техник қўриқловга олиш | C2: 14 | F2: 2 | T2: 2 | Y2: 6 | AA2: 4
A3: шундан | B3: савдо дўконлари | C3: 10 | F3: 2 | T3: 1 | Y3: 5 | AA3: 2
B4: спиртли ичимликлар дўконлари
B5: умумий овқатланиш жойлари | C5: 2 | T5: 1 | Y5: 1
B6: компьютер-плейстейшн
B7: бошқа турдаги объектлар | C7: 2 | AA7: 2
A8: 2. | B8: Кўп қаватли ва якка тартибдаги хонадонларни техник қўриқловга олиш
A9: 3. | B9: Кўп қаватли уйларнинг кириш йўлаклари олдига ташвиш тугмаларини ўрнатиш | C9: 1 | Y9: 1
A10: 4. | B10: Кун давомида келиб тушган "ташвиш хабарлари" | C10: 25 | D10: 1 | F10: 1 | G10: 1 | I10: 1 | R10: 1 | T10: 2 | X10: 2 | Y10: 1 | AA10: 5 | AB10: 1 | AH10: 1 | AJ10: 1 | AM10: 2 | AO10: 1 | AP10: 2 | AY10: 2
A11: 4.1. | B11: Чақирувга асосан ҳодиса жойига етиб борган тезкор ҳаракатланувчи гуруҳ | C11: 25 | D11: 1 | F11: 1 | G11: 1 | I11: 1 | R11: 1 | T11: 2 | X11: 2 | Y11: 1 | AA11: 5 | AB11: 1 | AH11: 1 | AJ11: 1 | AM11: 2 | AO11: 1 | AP11: 2 | AY11: 2
A12: 5. | B12: тезкор ҳаракатланувчи гуруҳлар томонидан аниқланган жиноятлар
A13: 6. | B13: тезкор ҳаракатланувчи гуруҳлар томонидан ушланган қидирувдаги шахслар
A14: 7. | B14: Қўриқлаш хизмати афзалликлари бўйича тарғибот учрашувлари ўтказиш | C14: 119 | E14: 3 | F14: 15 | K14: 2 | N14: 3 | T14: 8 | V14: 5 | X14: 8 | Y14: 7 | AA14: 12 | AD14: 8 | AF14: 3 | AH14: 2 | AK14: 6 | AO14: 5 | AQ14: 3 | AR14: 10 | AT14: 3 | AV14: 5 | AZ14: 3 | BB14: 3 | BE14: 3 | BF14: 2
A15: 8. | B15: “Объект қўриқловда!” ва “Хонадон қўриқловда!” стикерларини жойлаштириш | C15: 62 | L15: 3 | Y15: 15 | AB15: 20 | AD15: 12 | AE15: 5 | AM15: 2 | AR15: 2 | AT15: 3
A16: 9. | B16: Объектларни жисмоний қўриқловга олиш
A17: шундан | B17: шаҳодатланган таркиб
B18: ҳарбийлаштирилган соқчи
B19: қоровуллик
C20: 181 | F20: 31 | T20: 30 | Y20: 60 | AA20: 60

Sheet 03.07
A1: № | B1: Кўрсаткич | C1: жами | D1: Ал-Хоразмий | E1: Бахористон | F1: Бектўпи | G1: Гулистон | H1: Катта Хирмонтепа | I1: Тирсакобод | J1: Хайрабод | K1: Хирмон тепа | L1: Хонтўпи | M1: Шараф | N1: Шарқ | O1: Шарқ тонги | P1: Шухрат | Q1: 1-Чарх Камолон | R1: 2-Чарх Камолон | S1: 3-Чарх Камолон | T1: Бешёғоч | U1: Катта Козиробод | V1: Катта Олмазор | W1: Катта Чилонзор-1 | X1: Катта Чилонзор-2 | Y1: Катта Чилонзор-3 | Z1: Қозиробод | AA1: Новза | AB1: Чилонзор | AC1: 1-Қатортол | AD1: Бешчинор | AE1: Боғзор | AF1: Диёр | AG1: Дилобод | AH1: Катта Навбаҳор | AI1: Кўркам | AJ1: Кўтарма | AK1: Қатортол | AL1: Лутфий | AM1: Навбахор | AN1: Нафосат | AO1: Оқ-тепа | AP1: Халқлар Дўстлиги | AQ1: Чўпон-ота | AR1: 2-Қатортол | AS1: Ботирма | AT1: Бўрижар | AU1: Гавхар | AV1: Дўмбиробод | AW1: Зарқўрғон | AX1: Катта Дўмбиробод | AY1: Кичик Хирмонтепа | AZ1: Мевазор | BA1: Мехржон | BB1: Наққошлик | BC1: Фидокор | BD1: Яккабоғ | BE1: Яккатут | BF1: Бешқўрғон
A2: 1. | B2: Савдо ва маиший хизмат кўрсатиш объектларини техник қўриқловга олиш | C2: 1 | D2: 0 | E2: 0 | F2: 0 | G2: 0 | H2: 0 | I2: 1 | J2: 0 | K2: 0 | L2: 0 | M2: 0 | N2: 0 | O2: 0 | P2: 0 | Q2: 0 | R2: 0 | S2: 0 | T2: 0 | U2: 0 | V2: 0 | W2: 0 | X2: 0 | Y2: 0 | Z2: 0 | AA2: 0 | AB2: 0 | AC2: 0 | AD2: 0 | AE2: 0 | AF2: 0 | AG2: 0 | AH2: 0 | AI2: 0 | AJ2: 0 | AK2: 0 | AL2: 0 | AM2: 0 | AN2: 0 | AO2: 0 | AP2: 0 | AQ2: 0 | AR2: 0 | AS2: 0 | AT2: 0 | AU2: 0 | AV2: 0 | AW2: 0 | AX2: 0 | AY2: 0 | AZ2: 0 | BA2: 0 | BB2: 0 | BC2: 0 | BD2: 0 | BE2: 0 | BF2: 0
A3: шундан | B3: савдо дўконлари | C3: 1 | I3: 1
B4: спиртли ичимликлар дўконлари | C4: 0
B5: умумий овқатланиш жойлари | C5: 0
B6: компьютер-плейстейшн | C6: 0
B7: бошқа турдаги объектлар | C7: 0
A8: 2. | B8: Кўп қаватли ва якка тартибдаги хонадонларни техник қўриқловга олиш | C8: 2 | AR8: 2
A9: 3. | B9: Кўп қаватли уйларнинг кириш йўлаклари олдига ташвиш тугмаларини ўрнатиш | C9: 4 | Y9: 4
A10: 4. | B10: Кун давомида келиб тушган "ташвиш хабарлари" | C10: 12 | R10: 1 | X10: 2 | AA10: 1 | AH10: 1 | AJ10: 1 | AM10: 2 | AO10: 1 | AP10: 2 | AY10: 1
A11: 4.1. | B11: Чақирувга асосан ҳодиса жойига етиб борган тезкор ҳаракатланувчи гуруҳ | C11: 12 | R11: 1 | X11: 2 | AA11: 1 | AH11: 1 | AJ11: 1 | AM11: 2 | AO11: 1 | AP11: 2 | AY11: 1
A12: 5. | B12: тезкор ҳаракатланувчи гуруҳлар томонидан аниқланган жиноятлар | C12: 0
A13: 6. | B13: тезкор ҳаракатланувчи гуруҳлар томонидан ушланган қидирувдаги шахслар | C13: 0
A14: 7. | B14: Қўриқлаш хизмати афзалликлари бўйича тарғибот учрашувлари ўтказиш | C14: 145 | D14: 5 | E14: 4 | G14: 3 | H14: 8 | K14: 3 | M14: 5 | P14: 5 | Q14: 6 | U14: 5 | W14: 5 | Z14: 4 | AB14: 5 | AC14: 4 | AF14: 5 | AG14: 5 | AH14: 5 | AI14: 9 | AJ14: 4 | AL14: 4 | AO14: 3 | AP14: 5 | AQ14: 5 | AR14: 10 | AU14: 3 | AV14: 2 | AZ14: 5 | BA14: 3 | BB14: 3 | BC14: 3 | BE14: 5 | BF14: 4
A15: 8. | B15: “Объект қўриқловда!” ва “Хонадон қўриқловда!” стикерларини жойлаштириш | C15: 44 | D15: 2 | E15: 1 | H15: 2 | M15: 3 | Q15: 4 | S15: 2 | X15: 3 | Z15: 2 | AC15: 2 | AG15: 3 | AH15: 2 | AI15: 1 | AJ15: 2 | AQ15: 3 | AR15: 2 | AS15: 1 | AU15: 2 | AV15: 1 | BA15: 2 | BE15: 3 | BF15: 1
A16: 9. | B16: Объектларни жисмоний қўриқловга олиш | C16: 0
A17: шундан | B17: шаҳодатланган таркиб | C17: 0
B18: ҳарбийлаштирилган соқчи | C18: 0
B19: қоровуллик | C19: 0
C20: 0

Sheet 03.08
A1: № | B1: Кўрсаткич | C1: жами | D1: Ал-Хоразмий | E1: Бахористон | F1: Бектўпи | G1: Гулистон | H1: Катта Хирмонтепа | I1: Тирсакобод | J1: Хайрабод | K1: Хирмон тепа | L1: Хонтўпи | M1: Шараф | N1: Шарқ | O1: Шарқ тонги | P1: Шухрат | Q1: 1-Чарх Камолон | R1: 2-Чарх Камолон | S1: 3-Чарх Камолон | T1: Бешёғоч | U1: Катта Козиробод | V1: Катта Олмазор | W1: Катта Чилонзор-1 | X1: Катта Чилонзор-2 | Y1: Катта Чилонзор-3 | Z1: Қозиробод | AA1: Новза | AB1: Чилонзор | AC1: 1-Қатортол | AD1: Бешчинор | AE1: Боғзор | AF1: Диёр | AG1: Дилобод | AH1: Катта Навбаҳор | AI1: Кўркам | AJ1: Кўтарма | AK1: Қатортол | AL1: Лутфий | AM1: Навбахор | AN1: Нафосат | AO1: Оқ-тепа | AP1: Халқлар Дўстлиги | AQ1: Чўпон-ота | AR1: 2-Қатортол | AS1: Ботирма | AT1: Бўрижар | AU1: Гавхар | AV1: Дўмбиробод | AW1: Зарқўрғон | AX1: Катта Дўмбиробод | AY1: Кичик Хирмонтепа | AZ1: Мевазор | BA1: Мехржон | BB1: Наққошлик | BC1: Фидокор | BD1: Яккабоғ | BE1: Яккатут | BF1: Бешқўрғон
A2: 1. | B2: Савдо ва маиший хизмат кўрсатиш объектларини техник қўриқловга олиш | C2: 0 | D2: 0 | E2: 0 | F2: 0 | G2: 0 | H2: 0 | I2: 0 | J2: 0 | K2: 0 | L2: 0 | M2: 0 | N2: 0 | O2: 0 | P2: 0 | Q2: 0 | R2: 0 | S2: 0 | T2: 0 | U2: 0 | V2: 0 | W2: 0 | X2: 0 | Y2: 0 | Z2: 0 | AA2: 0 | AB2: 0 | AC2: 0 | AD2: 0 | AE2: 0 | AF2: 0 | AG2: 0 | AH2: 0 | AI2: 0 | AJ2: 0 | AK2: 0 | AL2: 0 | AM2: 0 | AN2: 0 | AO2: 0 | AP2: 0 | AQ2: 0 | AR2: 0 | AS2: 0 | AT2: 0 | AU2: 0 | AV2: 0 | AW2: 0 | AX2: 0 | AY2: 0 | AZ2: 0 | BA2: 0 | BB2: 0 | BC2: 0 | BD2: 0 | BE2: 0 | BF2: 0
A3: шундан | B3: савдо дўконлари | C3: 0
B4: спиртли ичимликлар дўконлари | C4: 0
B5: умумий овқатланиш жойлари | C5: 0
B6: компьютер-плейстейшн | C6: 0
B7: бошқа турдаги объектлар | C7: 0
A8: 2. | B8: Кўп қаватли ва якка тартибдаги хонадонларни техник қўриқловга олиш | C8: 0
A9: 3. | B9: Кўп қаватли уйларнинг кириш йўлаклари олдига ташвиш тугмаларини ўрнатиш | C9: 2 | AA9: 2
A10: 4. | B10: Кун давомида келиб тушган "ташвиш хабарлари" | C10: 15 | F10: 3 | T10: 2 | X10: 1 | Y10: 1 | AA10: 2 | AG10: 1 | AH10: 1 | AN10: 1 | AP10: 2 | AV10: 1
A11: 4.1. | B11: Чақирувга асосан ҳодиса жойига етиб борган тезкор ҳаракатланувчи гуруҳ | C11: 15 | F11: 3 | T11: 2 | X11: 1 | Y11: 1 | AA11: 2 | AG11: 1 | AH11: 1 | AN11: 1 | AP11: 2 | AV11: 1
A12: 5. | B12: тезкор ҳаракатланувчи гуруҳлар томонидан аниқланган жиноятлар | C12: 0
A13: 6. | B13: тезкор ҳаракатланувчи гуруҳлар томонидан ушланган қидирувдаги шахслар | C13: 0
A14: 7. | B14: Қўриқлаш хизмати афзалликлари бўйича тарғибот учрашувлари ўтказиш | C14: 167 | D14: 7 | E14: 5 | G14: 6 | I14: 6 | J14: 4 | K14: 5 | M14: 4 | N14: 5 | R14: 6 | V14: 3 | Z14: 7 | AB14: 9 | AE14: 7 | AH14: 5 | AJ14: 5 | AK14: 8 | AM14: 6 | AO14: 10 | AP14: 5 | AS14: 11 | AU14: 5 | AX14: 3 | BA14: 8 | BB14: 6 | BC14: 9 | BE14: 5 | BF14: 7
A15: 8. | B15: “Объект қўриқловда!” ва “Хонадон қўриқловда!” стикерларини жойлаштириш | C15: 52 | D15: 5 | G15: 5 | P15: 4 | T15: 3 | W15: 5 | AF15: 5 | AL15: 7 | AO15: 5 | AY15: 4 | BB15: 5 | BC15: 4
A16: 9. | B16: Объектларни жисмоний қўриқловга олиш | C16: 0
A17: шундан | B17: шаҳодатланган таркиб | C17: 0
B18: ҳарбийлаштирилган соқчи | C18: 0
B19: қоровуллик | C19: 0
T20: 20 | Y20: 86 | AA20: 35

Sheet 03.09
A1: № | B1: Кўрсаткич | C1: жами | D1: Ал-Хоразмий | E1: Бахористон | F1: Бектўпи | G1: Гулистон | H1: Катта Хирмонтепа | I1: Тирсакобод | J1: Хайрабод | K1: Хирмон тепа | L1: Хонтўпи | M1: Шараф | N1: Шарқ | O1: Шарқ тонги | P1: Шухрат | Q1: 1-Чарх Камолон | R1: 2-Чарх Камолон | S1: 3-Чарх Камолон | T1: Бешёғоч | U1: Катта Козиробод | V1: Катта Олмазор | W1: Катта Чилонзор-1 | X1: Катта Чилонзор-2 | Y1: Катта Чилонзор-3 | Z1: Қозиробод | AA1: Новза | AB1: Чилонзор | AC1: 1-Қатортол | AD1: Бешчинор | AE1: Боғзор | AF1: Диёр | AG1: Дилобод | AH1: Катта Навбаҳор | AI1: Кўркам | AJ1: Кўтарма | AK1: Қатортол | AL1: Лутфий | AM1: Навбахор | AN1: Нафосат | AO1: Оқ-тепа | AP1: Халқлар Дўстлиги | AQ1: Чўпон-ота | AR1: 2-Қатортол | AS1: Ботирма | AT1: Бўрижар | AU1: Гавхар | AV1: Дўмбиробод | AW1: Зарқўрғон | AX1: Катта Дўмбиробод | AY1: Кичик Хирмонтепа | AZ1: Мевазор | BA1: Мехржон | BB1: Наққошлик | BC1: Фидокор | BD1: Яккабоғ | BE1: Яккатут | BF1: Бешқўрғон
A2: 1. | B2: Савдо ва маиший хизмат кўрсатиш объектларини техник қўриқловга олиш | C2: 8 | D2: 0 | E2: 0 | F2: 2 | G2: 0 | H2: 0 | I2: 0 | J2: 0 | K2: 0 | L2: 0 | M2: 0 | N2: 0 | O2: 0 | P2: 0 | Q2: 0 | R2: 0 | S2: 0 | T2: 1 | U2: 0 | V2: 0 | W2: 0 | X2: 0 | Y2: 3 | Z2: 0 | AA2: 2 | AB2: 0 | AC2: 0 | AD2: 0 | AE2: 0 | AF2: 0 | AG2: 0 | AH2: 0 | AI2: 0 | AJ2: 0 | AK2: 0 | AL2: 0 | AM2: 0 | AN2: 0 | AO2: 0 | AP2: 0 | AQ2: 0 | AR2: 0 | AS2: 0 | AT2: 0 | AU2: 0 | AV2: 0 | AW2: 0 | AX2: 0 | AY2: 0 | AZ2: 0 | BA2: 0 | BB2: 0 | BC2: 0 | BD2: 0 | BE2: 0 | BF2: 0
A3: шундан | B3: савдо дўконлари | C3: 1 | AA3: 1
B4: спиртли ичимликлар дўконлари | C4: 0
B5: умумий овқатланиш жойлари | C5: 0
B6: компьютер-плейстейшн | C6: 0
B7: бошқа турдаги объектлар | C7: 7 | F7: 2 | T7: 1 | Y7: 3 | AA7: 1
A8: 2. | B8: Кўп қаватли ва якка тартибдаги хонадонларни техник қўриқловга олиш | C8: 5 | L8: 1 | AR8: 4
A9: 3. | B9: Кўп қаватли уйларнинг кириш йўлаклари олдига ташвиш тугмаларини ўрнатиш | C9: 0
A10: 4. | B10: Кун давомида келиб тушган "ташвиш хабарлари" | C10: 20 | F10: 1 | I10: 1 | R10: 1 | T10: 1 | X10: 1 | Y10: 1 | Z10: 1 | AA10: 1 | AD10: 1 | AG10: 2 | AH10: 1 | AI10: 1 | AK10: 1 | AM10: 1 | AO10: 1 | AP10: 1 | AS10: 1 | AY10: 1 | BF10: 1
A11: 4.1. | B11: Чақирувга асосан ҳодиса жойига етиб борган тезкор ҳаракатланувчи гуруҳ | C11: 20 | F11: 1 | I11: 1 | R11: 1 | T11: 1 | X11: 1 | Y11: 1 | Z11: 1 | AA11: 1 | AD11: 1 | AG11: 2 | AH11: 1 | AI11: 1 | AK11: 1 | AM11: 1 | AO11: 1 | AP11: 1 | AS11: 1 | AY11: 1 | BF11: 1
A12: 5. | B12: тезкор ҳаракатланувчи гуруҳлар томонидан аниқланган жиноятлар | C12: 0
A13: 6. | B13: тезкор ҳаракатланувчи гуруҳлар томонидан ушланган қидирувдаги шахслар | C13: 0
A14: 7. | B14: Қўриқлаш хизмати афзалликлари бўйича тарғибот учрашувлари ўтказиш | C14: 143 | E14: 3 | F14: 28 | H14: 6 | K14: 3 | N14: 5 | Q14: 3 | T14: 17 | W14: 5 | Y14: 17 | AA14: 30 | AC14: 3 | AG14: 3 | AL14: 5 | AR14: 10 | AZ14: 5
A15: 8. | B15: “Объект қўриқловда!” ва “Хонадон қўриқловда!” стикерларини жойлаштириш | C15: 17 | F15: 3 | N15: 2 | R15: 1 | T15: 3 | Y15: 2 | AA15: 3 | AH15: 1 | AI15: 2
A16: 9. | B16: Объектларни жисмоний қўриқловга олиш | C16: 0
A17: шундан | B17: шаҳодатланган таркиб | C17: 0
B18: ҳарбийлаштирилган соқчи | C18: 0
B19: қоровуллик | C19: 0
F20: 39 | T20: 29 | Y20: 153 | AA20: 57 | AB20: 1

Sheet 03.10
A1: № | B1: Кўрсаткич | C1: жами | D1: Ал-Хоразмий | E1: Бахористон | F1: Бектўпи | G1: Гулистон | H1: Катта Хирмонтепа | I1: Тирсакобод | J1: Хайрабод | K1: Хирмон тепа | L1: Хонтўпи | M1: Шараф | N1: Шарқ | O1: Шарқ тонги | P1: Шухрат | Q1: 1-Чарх Камолон | R1: 2-Чарх Камолон | S1: 3-Чарх Камолон | T1: Бешёғоч | U1: Катта Козиробод | V1: Катта Олмазор | W1: Катта Чилонзор-1 | X1: Катта Чилонзор-2 | Y1: Катта Чилонзор-3 | Z1: Қозиробод | AA1: Новза | AB1: Чилонзор | AC1: 1-Қатортол | AD1: Бешчинор | AE1: Боғзор | AF1: Диёр | AG1: Дилобод | AH1: Катта Навбаҳор | AI1: Кўркам | AJ1: Кўтарма | AK1: Қатортол | AL1: Лутфий | AM1: Навбахор | AN1: Нафосат | AO1: Оқ-тепа | AP1: Халқлар Дўстлиги | AQ1: Чўпон-ота | AR1: 2-Қатортол | AS1: Ботирма | AT1: Бўрижар | AU1: Гавхар | AV1: Дўмбиробод | AW1: Зарқўрғон | AX1: Катта Дўмбиробод | AY1: Кичик Хирмонтепа | AZ1: Мевазор | BA1: Мехржон | BB1: Наққошлик | BC1: Фидокор | BD1: Яккабоғ | BE1: Яккатут | BF1: Бешқўрғон
A2: 1. | B2: Савдо ва маиший хизмат кўрсатиш объектларини техник қўриқловга олиш | C2: 0 | D2: 0 | E2: 0 | F2: 0 | G2: 0 | H2: 0 | I2: 0 | J2: 0 | K2: 0 | L2: 0 | M2: 0 | N2: 0 | O2: 0 | P2: 0 | Q2: 0 | R2: 0 | S2: 0 | T2: 0 | U2: 0 | V2: 0 | W2: 0 | X2: 0 | Y2: 0 | Z2: 0 | AA2: 0 | AB2: 0 | AC2: 0 | AD2: 0 | AE2: 0 | AF2: 0 | AG2: 0 | AH2: 0 | AI2: 0 | AJ2: 0 | AK2: 0 | AL2: 0 | AM2: 0 | AN2: 0 | AO2: 0 | AP2: 0 | AQ2: 0 | AR2: 0 | AS2: 0 | AT2: 0 | AU2: 0 | AV2: 0 | AW2: 0 | AX2: 0 | AY2: 0 | AZ2: 0 | BA2: 0 | BB2: 0 | BC2: 0 | BD2: 0 | BE2: 0 | BF2: 0
A3: шундан | B3: савдо дўконлари | C3: 0
B4: спиртли ичимликлар дўконлари | C4: 0
B5: умумий овқатланиш жойлари | C5: 0
B6: компьютер-плейстейшн | C6: 0
B7: бошқа турдаги объектлар | C7: 0
A8: 2. | B8: Кўп қаватли ва якка тартибдаги хонадонларни техник қўриқловга олиш | C8: 0
A9: 3. | B9: Кўп қаватли уйларнинг кириш йўлаклари олдига ташвиш тугмаларини ўрнатиш | C9: 0
A10: 4. | B10: Кун давомида келиб тушган "ташвиш хабарлари" | C10: 20 | F10: 4 | Q10: 1 | S10: 1 | T10: 1 | X10: 1 | AA10: 2 | AD10: 1 | AH10: 2 | AI10: 1 | AJ10: 4 | AQ10: 1 | AS10: 1
A11: 4.1. | B11: Чақирувга асосан ҳодиса жойига етиб борган тезкор ҳаракатланувчи гуруҳ | C11: 20 | F11: 4 | Q11: 1 | S11: 1 | T11: 1 | X11: 1 | AA11: 2 | AD11: 1 | AH11: 2 | AI11: 1 | AJ11: 4 | AQ11: 1 | AS11: 1
A12: 5. | B12: тезкор ҳаракатланувчи гуруҳлар томонидан аниқланган жиноятлар | C12: 0
A13: 6. | B13: тезкор ҳаракатланувчи гуруҳлар томонидан ушланган қидирувдаги шахслар | C13: 0
A14: 7. | B14: Қўриқлаш хизмати афзалликлари бўйича тарғибот учрашувлари ўтказиш | C14: 155 | G14: 9 | M14: 5 | P14: 11 | Q14: 3 | R14: 5 | S14: 7 | U14: 8 | V14: 5 | X14: 3 | Z14: 3 | AC14: 9 | AE14: 5 | AF14: 3 | AG14: 6 | AH14: 3 | AI14: 5 | AL14: 9 | AM14: 7 | AP14: 5 | AQ14: 6 | AS14: 5 | AT14: 10 | AU14: 5 | AV14: 7 | AZ14: 5 | BB14: 3 | BE14: 3
A15: 8. | B15: “Объект қўриқловда!” ва “Хонадон қўриқловда!” стикерларини жойлаштириш | C15: 23 | E15: 3 | J15: 2 | L15: 2 | O15: 3 | R15: 1 | U15: 2 | V15: 2 | X15: 2 | AC15: 3 | AP15: 3
A16: 9. | B16: Объектларни жисмоний қўриқловга олиш | C16: 4 | Y16: 2 | AD16: 1 | AI16: 1
A17: шундан | B17: шаҳодатланган таркиб | C17: 0
B18: ҳарбийлаштирилган соқчи | C18: 4 | Y18: 2 | AD18: 1 | AI18: 1
B19: қоровуллик | C19: 0
F20: 93 | L20: 1 | T20: 10 | Y20: 94 | AA20: 119 | AR20: 2 | BB20: 1

Sheet 03.11
A1: № | B1: Кўрсаткич | C1: жами | D1: Ал-Хоразмий | E1: Бахористон | F1: Бектўпи | G1: Гулистон | H1: Катта Хирмонтепа | I1: Тирсакобод | J1: Хайрабод | K1: Хирмон тепа | L1: Хонтўпи | M1: Шараф | N1: Шарқ | O1: Шарқ тонги | P1: Шухрат | Q1: 1-Чарх Камолон | R1: 2-Чарх Камолон | S1: 3-Чарх Камолон | T1: Бешёғоч | U1: Катта Козиробод | V1: Катта Олмазор | W1: Катта Чилонзор-1 | X1: Катта Чилонзор-2 | Y1: Катта Чилонзор-3 | Z1: Қозиробод | AA1: Новза | AB1: Чилонзор | AC1: 1-Қатортол | AD1: Бешчинор | AE1: Боғзор | AF1: Диёр | AG1: Дилобод | AH1: Катта Навбаҳор | AI1: Кўркам | AJ1: Кўтарма | AK1: Қатортол | AL1: Лутфий | AM1: Навбахор | AN1: Нафосат | AO1: Оқ-тепа | AP1: Халқлар Дўстлиги | AQ1: Чўпон-ота | AR1: 2-Қатортол | AS1: Ботирма | AT1: Бўрижар | AU1: Гавхар | AV1: Дўмбиробод | AW1: Зарқўрғон | AX1: Катта Дўмбиробод | AY1: Кичик Хирмонтепа | AZ1: Мевазор | BA1: Мехржон | BB1: Наққошлик | BC1: Фидокор | BD1: Яккабоғ | BE1: Яккатут | BF1: Бешқўрғон
A2: 1. | B2: Савдо ва маиший хизмат кўрсатиш объектларини техник қўриқловга олиш | C2: 9 | D2: 0 | E2: 0 | F2: 3 | G2: 0 | H2: 0 | I2: 0 | J2: 0 | K2: 0 | L2: 0 | M2: 0 | N2: 0 | O2: 0 | P2: 0 | Q2: 0 | R2: 0 | S2: 0 | T2: 5 | U2: 0 | V2: 0 | W2: 0 | X2: 0 | Y2: 0 | Z2: 0 | AA2: 1 | AB2: 0 | AC2: 0 | AD2: 0 | AE2: 0 | AF2: 0 | AG2: 0 | AH2: 0 | AI2: 0 | AJ2: 0 | AK2: 0 | AL2: 0 | AM2: 0 | AN2: 0 | AO2: 0 | AP2: 0 | AQ2: 0 | AR2: 0 | AS2: 0 | AT2: 0 | AU2: 0 | AV2: 0 | AW2: 0 | AX2: 0 | AY2: 0 | AZ2: 0 | BA2: 0 | BB2: 0 | BC2: 0 | BD2: 0 | BE2: 0 | BF2: 0
A3: шундан | B3: савдо дўконлари | C3: 4 | F3: 3 | AA3: 1
B4: спиртли ичимликлар дўконлари | C4: 0
B5: умумий овқатланиш жойлари | C5: 3 | T5: 3
B6: компьютер-плейстейшн | C6: 0
B7: бошқа турдаги объектлар | C7: 2 | T7: 2
A8: 2. | B8: Кўп қаватли ва якка тартибдаги хонадонларни техник қўриқловга олиш | C8: 0
A9: 3. | B9: Кўп қаватли уйларнинг кириш йўлаклари олдига ташвиш тугмаларини ўрнатиш | C9: 0
A10: 4. | B10: Кун давомида келиб тушган "ташвиш хабарлари" | C10: 18 | R10: 2 | S10: 2 | T10: 2 | W10: 1 | Y10: 2 | AA10: 1 | AC10: 1 | AK10: 2 | AQ10: 1 | AS10: 2 | AV10: 2
A11: 4.1. | B11: Чақирувга асосан ҳодиса жойига етиб борган тезкор ҳаракатланувчи гуруҳ | C11: 18 | R11: 2 | S11: 2 | T11: 2 | W11: 1 | Y11: 2 | AA11: 1 | AC11: 1 | AK11: 2 | AQ11: 1 | AS11: 2 | AV11: 2
A12: 5. | B12: тезкор ҳаракатланувчи гуруҳлар томонидан аниқланган жиноятлар | C12: 0
A13: 6. | B13: тезкор ҳаракатланувчи гуруҳлар томонидан ушланган қидирувдаги шахслар | C13: 0
A14: 7. | B14: Қўриқлаш хизмати афзалликлари бўйича тарғибот учрашувлари ўтказиш | C14: 144 | D14: 5 | E14: 6 | H14: 5 | J14: 5 | K14: 7 | M14: 5 | Q14: 5 | S14: 6 | V14: 9 | W14: 5 | X14: 3 | Z14: 5 | AB14: 5 | AF14: 9 | AH14: 5 | AI14: 4 | AJ14: 6 | AK14: 5 | AL14: 5 | AM14: 4 | AO14: 5 | AQ14: 5 | AT14: 5 | AV14: 6 | BA14: 4 | BC14: 5 | BF14: 5
A15: 8. | B15: “Объект қўриқловда!” ва “Хонадон қўриқловда!” стикерларини жойлаштириш | C15: 20 | E15: 1 | H15: 2 | J15: 2 | M15: 1 | S15: 2 | V15: 1 | AG15: 1 | AM15: 2 | AQ15: 1 | AT15: 2 | AV15: 1 | AZ15: 1 | BA15: 1 | BF15: 2
A16: 9. | B16: Объектларни жисмоний қўриқловга олиш | C16: 0
A17: шундан | B17: шаҳодатланган таркиб | C17: 0
B18: ҳарбийлаштирилган соқчи | C18: 0
B19: қоровуллик | C19: 0
F20: 67 | T20: 7 | Y20: 63 | AA20: 68

Sheet 03.12
A1: № | B1: Кўрсаткич | C1: жами | D1: Ал-Хоразмий | E1: Бахористон | F1: Бектўпи | G1: Гулистон | H1: Катта Хирмонтепа | I1: Тирсакобод | J1: Хайрабод | K1: Хирмон тепа | L1: Хонтўпи | M1: Шараф | N1: Шарқ | O1: Шарқ тонги | P1: Шухрат | Q1: 1-Чарх Камолон | R1: 2-Чарх Камолон | S1: 3-Чарх Камолон | T1: Бешёғоч | U1: Катта Козиробод | V1: Катта Олмазор | W1: Катта Чилонзор-1 | X1: Катта Чилонзор-2 | Y1: Катта Чилонзор-3 | Z1: Қозиробод | AA1: Новза | AB1: Чилонзор | AC1: 1-Қатортол | AD1: Бешчинор | AE1: Боғзор | AF1: Диёр | AG1: Дилобод | AH1: Катта Навбаҳор | AI1: Кўркам | AJ1: Кўтарма | AK1: Қатортол | AL1: Лутфий | AM1: Навбахор | AN1: Нафосат | AO1: Оқ-тепа | AP1: Халқлар Дўстлиги | AQ1: Чўпон-ота | AR1: 2-Қатортол | AS1: Ботирма | AT1: Бўрижар | AU1: Гавхар | AV1: Дўмбиробод | AW1: Зарқўрғон | AX1: Катта Дўмбиробод | AY1: Кичик Хирмонтепа | AZ1: Мевазор | BA1: Мехржон | BB1: Наққошлик | BC1: Фидокор | BD1: Яккабоғ | BE1: Яккатут | BF1: Бешқўрғон
A2: 1. | B2: Савдо ва маиший хизмат кўрсатиш объектларини техник қўриқловга олиш | C2: 11 | D2: 0 | E2: 0 | F2: 4 | G2: 0 | H2: 0 | I2: 0 | J2: 0 | K2: 0 | L2: 0 | M2: 0 | N2: 0 | O2: 0 | P2: 0 | Q2: 0 | R2: 0 | S2: 0 | T2: 4 | U2: 0 | V2: 0 | W2: 0 | X2: 0 | Y2: 2 | Z2: 0 | AA2: 1 | AB2: 0 | AC2: 0 | AD2: 0 | AE2: 0 | AF2: 0 | AG2: 0 | AH2: 0 | AI2: 0 | AJ2: 0 | AK2: 0 | AL2: 0 | AM2: 0 | AN2: 0 | AO2: 0 | AP2: 0 | AQ2: 0 | AR2: 0 | AS2: 0 | AT2: 0 | AU2: 0 | AV2: 0 | AW2: 0 | AX2: 0 | AY2: 0 | AZ2: 0 | BA2: 0 | BB2: 0 | BC2: 0 | BD2: 0 | BE2: 0 | BF2: 0
A3: шундан | B3: савдо дўконлари | C3: 7 | F3: 4 | T3: 3
B4: спиртли ичимликлар дўконлари | C4: 0
B5: умумий овқатланиш жойлари | C5: 2 | T5: 1 | Y5: 1
B6: компьютер-плейстейшн | C6: 0
B7: бошқа турдаги объектлар | C7: 2 | Y7: 1 | AA7: 1
A8: 2. | B8: Кўп қаватли ва якка тартибдаги хонадонларни техник қўриқловга олиш | C8: 0
A9: 3. | B9: Кўп қаватли уйларнинг кириш йўлаклари олдига ташвиш тугмаларини ўрнатиш | C9: 2 | AV9: 2
A10: 4. | B10: Кун давомида келиб тушган "ташвиш хабарлари" | C10: 18 | I10: 1 | R10: 2 | S10: 1 | T10: 2 | Y10: 1 | AA10: 1 | AD10: 1 | AF10: 1 | AH10: 2 | AP10: 1 | AS10: 1 | AU10: 1 | AX10: 1 | BA10: 1 | BC10: 1
A11: 4.1. | B11: Чақирувга асосан ҳодиса жойига етиб борган тезкор ҳаракатланувчи гуруҳ | C11: 18 | I11: 1 | R11: 2 | S11: 1 | T11: 2 | Y11: 1 | AA11: 1 | AD11: 1 | AF11: 1 | AH11: 2 | AP11: 1 | AS11: 1 | AU11: 1 | AX11: 1 | BA11: 1 | BC11: 1
A12: 5. | B12: тезкор ҳаракатланувчи гуруҳлар томонидан аниқланган жиноятлар | C12: 0
A13: 6. | B13: тезкор ҳаракатланувчи гуруҳлар томонидан ушланган қидирувдаги шахслар | C13: 0
A14: 7. | B14: Қўриқлаш хизмати афзалликлари бўйича тарғибот учрашувлари ўтказиш | C14: 319 | D14: 5 | I14: 3 | J14: 3 | L14: 5 | O14: 2 | X14: 3 | Z14: 3 | AC14: 3 | AE14: 141 | AG14: 5 | AJ14: 5 | AM14: 5 | AN14: 96 | AP14: 5 | AR14: 10 | AU14: 3 | AY14: 2 | BB14: 3 | BD14: 15 | BE14: 2
A15: 8. | B15: “Объект қўриқловда!” ва “Хонадон қўриқловда!” стикерларини жойлаштириш | C15: 24 | H15: 2 | K15: 2 | N15: 3 | R15: 1 | AH15: 3 | AJ15: 1 | AP15: 2 | AQ15: 3 | AV15: 2 | AZ15: 1 | BA15: 2 | BE15: 2
A16: 9. | B16: Объектларни жисмоний қўриқловга олиш | C16: 0
A17: шундан | B17: шаҳодатланган таркиб | C17: 0
B18: ҳарбийлаштирилган соқчи | C18: 0
B19: қоровуллик | C19: 0
T20: 20 | Y20: 86 | AA20: 35

Sheet 03.13
A1: № | B1: Кўрсаткич | C1: жами | D1: Ал-Хоразмий | E1: Бахористон | F1: Бектўпи | G1: Гулистон | H1: Катта Хирмонтепа | I1: Тирсакобод | J1: Хайрабод | K1: Хирмон тепа | L1: Хонтўпи | M1: Шараф | N1: Шарқ | O1: Шарқ тонги | P1: Шухрат | Q1: 1-Чарх Камолон | R1: 2-Чарх Камолон | S1: 3-Чарх Камолон | T1: Бешёғоч | U1: Катта Козиробод | V1: Катта Олмазор | W1: Катта Чилонзор-1 | X1: Катта Чилонзор-2 | Y1: Катта Чилонзор-3 | Z1: Қозиробод | AA1: Новза | AB1: Чилонзор | AC1: 1-Қатортол | AD1: Бешчинор | AE1: Боғзор | AF1: Диёр | AG1: Дилобод | AH1: Катта Навбаҳор | AI1: Кўркам | AJ1: Кўтарма | AK1: Қатортол | AL1: Лутфий | AM1: Навбахор | AN1: Нафосат | AO1: Оқ-тепа | AP1: Халқлар Дўстлиги | AQ1: Чўпон-ота | AR1: 2-Қатортол | AS1: Ботирма | AT1: Бўрижар | AU1: Гавхар | AV1: Дўмбиробод | AW1: Зарқўрғон | AX1: Катта Дўмбиробод | AY1: Кичик Хирмонтепа | AZ1: Мевазор | BA1: Мехржон | BB1: Наққошлик | BC1: Фидокор | BD1: Яккабоғ | BE1: Яккатут | BF1: Бешқўрғон
A2: 1. | B2: Савдо ва маиший хизмат кўрсатиш объектларини техник қўриқловга олиш | C2: 10 | D2: 0 | E2: 0 | F2: 0 | G2: 0 | H2: 0 | I2: 0 | J2: 0 | K2: 0 | L2: 0 | M2: 0 | N2: 0 | O2: 0 | P2: 0 | Q2: 0 | R2: 0 | S2: 0 | T2: 4 | U2: 0 | V2: 0 | W2: 0 | X2: 0 | Y2: 2 | Z2: 0 | AA2: 1 | AB2: 0 | AC2: 1 | AD2: 1 | AE2: 0 | AF2: 0 | AG2: 0 | AH2: 0 | AI2: 0 | AJ2: 0 | AK2: 0 | AL2: 0 | AM2: 0 | AN2: 0 | AO2: 0 | AP2: 0 | AQ2: 0 | AR2: 0 | AS2: 0 | AT2: 0 | AU2: 0 | AV2: 0 | AW2: 0 | AX2: 0 | AY2: 0 | AZ2: 0 | BA2: 0 | BB2: 0 | BC2: 1 | BD2: 0 | BE2: 0 | BF2: 0
A3: шундан | B3: савдо дўконлари | C3: 2 | AA3: 1 | BC3: 1
B4: спиртли ичимликлар дўконлари | C4: 0
B5: умумий овқатланиш жойлари | C5: 3 | T5: 3
B6: компьютер-плейстейшн | C6: 0
B7: бошқа турдаги объектлар | C7: 5 | T7: 1 | Y7: 2 | AC7: 1 | AD7: 1
A8: 2. | B8: Кўп қаватли ва якка тартибдаги хонадонларни техник қўриқловга олиш | C8: 1 | AG8: 1
A9: 3. | B9: Кўп қаватли уйларнинг кириш йўлаклари олдига ташвиш тугмаларини ўрнатиш | C9: 5 | AW9: 5
A10: 4. | B10: Кун давомида келиб тушган "ташвиш хабарлари" | C10: 16 | D10: 1 | J10: 1 | N10: 1 | S10: 1 | U10: 2 | Y10: 2 | AA10: 2 | AG10: 1 | AJ10: 2 | AM10: 1 | AW10: 1 | BF10: 1
A11: 4.1. | B11: Чақирувга асосан ҳодиса жойига етиб борган тезкор ҳаракатланувчи гуруҳ | C11: 16 | D11: 1 | J11: 1 | N11: 1 | S11: 1 | U11: 2 | Y11: 2 | AA11: 2 | AG11: 1 | AJ11: 2 | AM11: 1 | AW11: 1 | BF11: 1
A12: 5. | B12: тезкор ҳаракатланувчи гуруҳлар томонидан аниқланган жиноятлар | C12: 0
A13: 6. | B13: тезкор ҳаракатланувчи гуруҳлар томонидан ушланган қидирувдаги шахслар | C13: 0
A14: 7. | B14: Қўриқлаш хизмати афзалликлари бўйича тарғибот учрашувлари ўтказиш | C14: 241 | E14: 5 | G14: 3 | I14: 4 | J14: 10 | L14: 5 | N14: 6 | P14: 5 | Q14: 3 | U14: 4 | W14: 5 | X14: 4 | AB14: 5 | AC14: 9 | AD14: 10 | AE14: 18 | AF14: 3 | AI14: 3 | AN14: 88 | AR14: 16 | AT14: 4 | AV14: 3 | AZ14: 28
A15: 8. | B15: “Объект қўриқловда!” ва “Хонадон қўриқловда!” стикерларини жойлаштириш | C15: 47 | AC15: 47
A16: 9. | B16: Объектларни жисмоний қўриқловга олиш | C16: 0
A17: шундан | B17: шаҳодатланган таркиб | C17: 0
B18: ҳарбийлаштирилган соқчи | C18: 0
B19: қоровуллик | C19: 0
F20: 39 | T20: 29 | Y20: 153 | AA20: 57 | AB20: 1

Sheet 03.14
A1: № | B1: Кўрсаткич | C1: жами | D1: Ал-Хоразмий | E1: Бахористон | F1: Бектўпи | G1: Гулистон | H1: Катта Хирмонтепа | I1: Тирсакобод | J1: Хайрабод | K1: Хирмон тепа | L1: Хонтўпи | M1: Шараф | N1: Шарқ | O1: Шарқ тонги | P1: Шухрат | Q1: 1-Чарх Камолон | R1: 2-Чарх Камолон | S1: 3-Чарх Камолон | T1: Бешёғоч | U1: Катта Козиробод | V1: Катта Олмазор | W1: Катта Чилонзор-1 | X1: Катта Чилонзор-2 | Y1: Катта Чилонзор-3 | Z1: Қозиробод | AA1: Новза | AB1: Чилонзор | AC1: 1-Қатортол | AD1: Бешчинор | AE1: Боғзор | AF1: Диёр | AG1: Дилобод | AH1: Катта Навбаҳор | AI1: Кўркам | AJ1: Кўтарма | AK1: Қатортол | AL1: Лутфий | AM1: Навбахор | AN1: Нафосат | AO1: Оқ-тепа | AP1: Халқлар Дўстлиги | AQ1: Чўпон-ота | AR1: 2-Қатортол | AS1: Ботирма | AT1: Бўрижар | AU1: Гавхар | AV1: Дўмбиробод | AW1: Зарқўрғон | AX1: Катта Дўмбиробод | AY1: Кичик Хирмонтепа | AZ1: Мевазор | BA1: Мехржон | BB1: Наққошлик | BC1: Фидокор | BD1: Яккабоғ | BE1: Яккатут | BF1: Бешқўрғон
A2: 1. | B2: Савдо ва маиший хизмат кўрсатиш объектларини техник қўриқловга олиш | C2: 6 | D2: 0 | E2: 0 | F2: 0 | G2: 0 | H2: 0 | I2: 0 | J2: 0 | K2: 0 | L2: 0 | M2: 0 | N2: 0 | O2: 0 | P2: 0 | Q2: 0 | R2: 0 | S2: 0 | T2: 2 | U2: 0 | V2: 0 | W2: 0 | X2: 0 | Y2: 2 | Z2: 0 | AA2: 0 | AB2: 0 | AC2: 0 | AD2: 0 | AE2: 0 | AF2: 0 | AG2: 0 | AH2: 0 | AI2: 0 | AJ2: 0 | AK2: 0 | AL2: 0 | AM2: 1 | AN2: 0 | AO2: 0 | AP2: 0 | AQ2: 0 | AR2: 0 | AS2: 0 | AT2: 0 | AU2: 0 | AV2: 0 | AW2: 0 | AX2: 0 | AY2: 0 | AZ2: 0 | BA2: 0 | BB2: 1 | BC2: 0 | BD2: 0 | BE2: 0 | BF2: 0
A3: шундан | B3: савдо дўконлари | C3: 1 | Y3: 1
B4: спиртли ичимликлар дўконлари | C4: 0
B5: умумий овқатланиш жойлари | C5: 2 | T5: 2
B6: компьютер-плейстейшн | C6: 0
B7: бошқа турдаги объектлар | C7: 3 | Y7: 1 | AM7: 1 | BB7: 1
A8: 2. | B8: Кўп қаватли ва якка тартибдаги хонадонларни техник қўриқловга олиш | C8: 0
A9: 3. | B9: Кўп қаватли уйларнинг кириш йўлаклари олдига ташвиш тугмаларини ўрнатиш | C9: 4 | AD9: 1 | AW9: 3
A10: 4. | B10: Кун давомида келиб тушган "ташвиш хабарлари" | C10: 33 | D10: 2 | G10: 1 | N10: 1 | S10: 1 | T10: 1 | U10: 2 | Y10: 3 | AA10: 4 | AB10: 1 | AG10: 1 | AJ10: 4 | AL10: 1 | AM10: 1 | AO10: 1 | AP10: 1 | AS10: 1 | AV10: 2 | AW10: 1 | AY10: 2 | BA10: 1 | BF10: 1
A11: 4.1. | B11: Чақирувга асосан ҳодиса жойига етиб борган тезкор ҳаракатланувчи гуруҳ | C11: 33 | D11: 2 | G11: 1 | N11: 1 | S11: 1 | T11: 1 | U11: 2 | Y11: 3 | AA11: 4 | AB11: 1 | AG11: 1 | AJ11: 4 | AL11: 1 | AM11: 1 | AO11: 1 | AP11: 1 | AS11: 1 | AV11: 2 | AW11: 1 | AY11: 2 | BA11: 1 | BF11: 1
A12: 5. | B12: тезкор ҳаракатланувчи гуруҳлар томонидан аниқланган жиноятлар | C12: 0
A13: 6. | B13: тезкор ҳаракатланувчи гуруҳлар томонидан ушланган қидирувдаги шахслар | C13: 0
A14: 7. | B14: Қўриқлаш хизмати афзалликлари бўйича тарғибот учрашувлари ўтказиш | C14: 307 | D14: 3 | H14: 5 | R14: 4 | AE14: 173 | AN14: 88 | AR14: 10 | AS14: 5 | AY14: 5 | BA14: 3 | BC14: 6 | BE14: 2 | BF14: 3
A15: 8. | B15: “Объект қўриқловда!” ва “Хонадон қўриқловда!” стикерларини жойлаштириш | C15: 42 | E15: 3 | K15: 2 | M15: 2 | P15: 5 | R15: 4 | U15: 3 | Z15: 2 | AE15: 5 | AH15: 2 | AN15: 5 | AS15: 5 | AU15: 2 | BF15: 2
A16: 9. | B16: Объектларни жисмоний қўриқловга олиш | C16: 0
A17: шундан | B17: шаҳодатланган таркиб | C17: 0
B18: ҳарбийлаштирилган соқчи | C18: 0
B19: қоровуллик | C19: 0
F20: 93 | L20: 1 | T20: 10 | Y20: 94 | AA20: 119 | AR20: 2 | BB20: 1

Sheet 03.15
A1: № | B1: Кўрсаткич | C1: жами | D1: Ал-Хоразмий | E1: Бахористон | F1: Бектўпи | G1: Гулистон | H1: Катта Хирмонтепа | I1: Тирсакобод | J1: Хайрабод | K1: Хирмон тепа | L1: Хонтўпи | M1: Шараф | N1: Шарқ | O1: Шарқ тонги | P1: Шухрат | Q1: 1-Чарх Камолон | R1: 2-Чарх Камолон | S1: 3-Чарх Камолон | T1: Бешёғоч | U1: Катта Козиробод | V1: Катта Олмазор | W1: Катта Чилонзор-1 | X1: Катта Чилонзор-2 | Y1: Катта Чилонзор-3 | Z1: Қозиробод | AA1: Новза | AB1: Чилонзор | AC1: 1-Қатортол | AD1: Бешчинор | AE1: Боғзор | AF1: Диёр | AG1: Дилобод | AH1: Катта Навбаҳор | AI1: Кўркам | AJ1: Кўтарма | AK1: Қатортол | AL1: Лутфий | AM1: Навбахор | AN1: Нафосат | AO1: Оқ-тепа | AP1: Халқлар Дўстлиги | AQ1: Чўпон-ота | AR1: 2-Қатортол | AS1: Ботирма | AT1: Бўрижар | AU1: Гавхар | AV1: Дўмбиробод | AW1: Зарқўрғон | AX1: Катта Дўмбиробод | AY1: Кичик Хирмонтепа | AZ1: Мевазор | BA1: Мехржон | BB1: Наққошлик | BC1: Фидокор | BD1: Яккабоғ | BE1: Яккатут | BF1: Бешқўрғон
A2: 1. | B2: Савдо ва маиший хизмат кўрсатиш объектларини техник қўриқловга олиш | C2: 5 | D2: 0 | E2: 0 | F2: 0 | G2: 0 | H2: 0 | I2: 0 | J2: 1 | K2: 0 | L2: 0 | M2: 0 | N2: 0 | O2: 0 | P2: 0 | Q2: 0 | R2: 0 | S2: 0 | T2: 0 | U2: 0 | V2: 0 | W2: 0 | X2: 0 | Y2: 3 | Z2: 0 | AA2: 1 | AB2: 0 | AC2: 0 | AD2: 0 | AE2: 0 | AF2: 0 | AG2: 0 | AH2: 0 | AI2: 0 | AJ2: 0 | AK2: 0 | AL2: 0 | AM2: 0 | AN2: 0 | AO2: 0 | AP2: 0 | AQ2: 0 | AR2: 0 | AS2: 0 | AT2: 0 | AU2: 0 | AV2: 0 | AW2: 0 | AX2: 0 | AY2: 0 | AZ2: 0 | BA2: 0 | BB2: 0 | BC2: 0 | BD2: 0 | BE2: 0 | BF2: 0
A3: шундан | B3: савдо дўконлари | C3: 1 | Y3: 1
B4: спиртли ичимликлар дўконлари | C4: 0
B5: умумий овқатланиш жойлари | C5: 1 | J5: 1
B6: компьютер-плейстейшн | C6: 0
B7: бошқа турдаги объектлар | C7: 3 | Y7: 2 | AA7: 1
A8: 2. | B8: Кўп қаватли ва якка тартибдаги хонадонларни техник қўриқловга олиш | C8: 3 | E8: 1 | J8: 1 | L8: 1
A9: 3. | B9: Кўп қаватли уйларнинг кириш йўлаклари олдига ташвиш тугмаларини ўрнатиш | C9: 1 | AA9: 1
A10: 4. | B10: Кун давомида келиб тушган "ташвиш хабарлари" | C10: 25 | F10: 1 | H10: 3 | I10: 1 | X10: 1 | Y10: 3 | AA10: 6 | AG10: 1 | AH10: 1 | AJ10: 1 | AO10: 1 | AQ10: 1 | AV10: 2 | BE10: 2 | BF10: 1
A11: 4.1. | B11: Чақирувга асосан ҳодиса жойига етиб борган тезкор ҳаракатланувчи гуруҳ | C11: 25 | F11: 1 | H11: 3 | I11: 1 | X11: 1 | Y11: 3 | AA11: 6 | AG11: 1 | AH11: 1 | AJ11: 1 | AO11: 1 | AQ11: 1 | AV11: 2 | BE11: 2 | BF11: 1
A12: 5. | B12: тезкор ҳаракатланувчи гуруҳлар томонидан аниқланган жиноятлар | C12: 0
A13: 6. | B13: тезкор ҳаракатланувчи гуруҳлар томонидан ушланган қидирувдаги шахслар | C13: 0
A14: 7. | B14: Қўриқлаш хизмати афзалликлари бўйича тарғибот учрашувлари ўтказиш | C14: 103 | D14: 2 | E14: 1 | F14: 3 | G14: 1 | H14: 2 | I14: 3 | J14: 2 | K14: 1 | L14: 2 | M14: 2 | N14: 3 | O14: 1 | P14: 2 | Q14: 2 | R14: 1 | S14: 2 | T14: 2 | U14: 1 | V14: 2 | W14: 1 | X14: 2 | Y14: 3 | Z14: 2 | AA14: 1 | AB14: 3 | AC14: 2 | AD14: 1 | AE14: 2 | AF14: 1 | AG14: 2 | AH14: 3 | AI14: 2 | AJ14: 1 | AK14: 2 | AL14: 1 | AM14: 3 | AN14: 1 | AO14: 2 | AP14: 3 | AQ14: 1 | AR14: 2 | AS14: 2 | AT14: 2 | AU14: 2 | AV14: 1 | AW14: 3 | AX14: 2 | AY14: 2 | AZ14: 1 | BA14: 2 | BB14: 2 | BC14: 2 | BD14: 3 | BE14: 1 | BF14: 2
A15: 8. | B15: “Объект қўриқловда!” ва “Хонадон қўриқловда!” стикерларини жойлаштириш | C15: 31 | G15: 2 | U15: 2 | X15: 2 | Y15: 3 | AA15: 2 | AB15: 2 | AE15: 2 | AJ15: 2 | AL15: 2 | AM15: 2 | AW15: 3 | BA15: 2 | BB15: 2 | BD15: 1 | BF15: 2
A16: 9. | B16: Объектларни жисмоний қўриқловга олиш | C16: 0
A17: шундан | B17: шаҳодатланган таркиб | C17: 0
B18: ҳарбийлаштирилган соқчи | C18: 0
B19: қоровуллик | C19: 0
C20: 262 | F20: 40 | T20: 30 | Y20: 51 | AA20: 136 | AE20: 5

Sheet 03.16
A1: № | B1: Кўрсаткич | C1: жами | D1: Ал-Хоразмий | E1: Бахористон | F1: Бектўпи | G1: Гулистон | H1: Катта Хирмонтепа | I1: Тирсакобод | J1: Хайрабод | K1: Хирмон тепа | L1: Хонтўпи | M1: Шараф | N1: Шарқ | O1: Шарқ тонги | P1: Шухрат | Q1: 1-Чарх Камолон | R1: 2-Чарх Камолон | S1: 3-Чарх Камолон | T1: Бешёғоч | U1: Катта Козиробод | V1: Катта Олмазор | W1: Катта Чилонзор-1 | X1: Катта Чилонзор-2 | Y1: Катта Чилонзор-3 | Z1: Қозиробод | AA1: Новза | AB1: Чилонзор | AC1: 1-Қатортол | AD1: Бешчинор | AE1: Боғзор | AF1: Диёр | AG1: Дилобод | AH1: Катта Навбаҳор | AI1: Кўркам | AJ1: Кўтарма | AK1: Қатортол | AL1: Лутфий | AM1: Навбахор | AN1: Нафосат | AO1: Оқ-тепа | AP1: Халқлар Дўстлиги | AQ1: Чўпон-ота | AR1: 2-Қатортол | AS1: Ботирма | AT1: Бўрижар | AU1: Гавхар | AV1: Дўмбиробод | AW1: Зарқўрғон | AX1: Катта Дўмбиробод | AY1: Кичик Хирмонтепа | AZ1: Мевазор | BA1: Мехржон | BB1: Наққошлик | BC1: Фидокор | BD1: Яккабоғ | BE1: Яккатут | BF1: Бешқўрғон
A2: 1. | B2: Савдо ва маиший хизмат кўрсатиш объектларини техник қўриқловга олиш | C2: =+SUM(D2:BF2) -> 0
A3: шундан | B3: савдо дўконлари | C3: =+SUM(D3:BF3) -> 0
B4: спиртли ичимликлар дўконлари | C4: =+SUM(D4:BF4) -> 0
B5: умумий овқатланиш жойлари | C5: =+SUM(D5:BF5) -> 0
B6: компьютер-плейстейшн | C6: =+SUM(D6:BF6) -> 0
B7: бошқа турдаги объектлар | C7: =+SUM(D7:BF7) -> 0
A8: 2. | B8: Кўп қаватли ва якка тартибдаги хонадонларни техник қўриқловга олиш | C8: =+SUM(D8:BF8) -> 0
A9: 3. | B9: Кўп қаватли уйларнинг кириш йўлаклари олдига ташвиш тугмаларини ўрнатиш | C9: =+SUM(D9:BF9) -> 0
A10: 4. | B10: Кун давомида келиб тушган "ташвиш хабарлари" | C10: =+SUM(D10:BF10) -> 27 | F10: 2 | H10: 1 | L10: 1 | N10: 2 | S10: 1 | T10: 1 | V10: 1 | W10: 1 | Y10: 2 | AA10: 2 | AE10: 2 | AG10: 1 | AI10: 1 | AJ10: 3 | AL10: 1 | AO10: 2 | AS10: 1 | AT10: 1 | BF10: 1
A11: 4.1. | B11: Чақирувга асосан ҳодиса жойига етиб борган тезкор ҳаракатланувчи гуруҳ | C11: =+SUM(D11:BF11) -> 27 | F11: 2 | H11: 1 | L11: 1 | N11: 2 | S11: 1 | T11: 1 | V11: 1 | W11: 1 | Y11: 2 | AA11: 2 | AE11: 2 | AG11: 1 | AI11: 1 | AJ11: 3 | AL11: 1 | AO11: 2 | AS11: 1 | AT11: 1 | BF11: 1
A12: 5. | B12: тезкор ҳаракатланувчи гуруҳлар томонидан аниқланган жиноятлар | C12: =+SUM(D12:BF12) -> 0
A13: 6. | B13: тезкор ҳаракатланувчи гуруҳлар томонидан ушланган қидирувдаги шахслар | C13: =+SUM(D13:BF13) -> 0
A14: 7. | B14: Қўриқлаш хизмати афзалликлари бўйича тарғибот учрашувлари ўтказиш | C14: =+SUM(D14:BF14) -> 200 | E14: 5 | G14: 4 | N14: 5 | R14: 5 | U14: 4 | AE14: 63 | AF14: 2 | AK14: 4 | AN14: 94 | AO14: 3 | AR14: 7 | BB14: 2 | BE14: 2
A15: 8. | B15: “Объект қўриқловда!” ва “Хонадон қўриқловда!” стикерларини жойлаштириш | C15: =+SUM(D15:BF15) -> 39 | J15: 2 | L15: 2 | Q15: 4 | S15: 6 | W15: 2 | AG15: 3 | AI15: 2 | AN15: 8 | AP15: 3 | AR15: 2 | AT15: 2 | AZ15: 3
A16: 9. | B16: Объектларни жисмоний қўриқловга олиш | C16: =+SUM(D16:BF16) -> 0
A17: шундан | B17: шаҳодатланган таркиб | C17: =+SUM(D17:BF17) -> 0
B18: ҳарбийлаштирилган соқчи | C18: =+SUM(D18:BF18) -> 0
B19: қоровуллик | C19: =+SUM(D19:BF19) -> 0
H20: 1 | I20: 1 | Y20: 77 | AJ20: 1 | AV20: 1

Sheet 03.17
A1: № | B1: Кўрсаткич | C1: жами | D1: Ал-Хоразмий | E1: Бахористон | F1: Бектўпи | G1: Гулистон | H1: Катта Хирмонтепа | I1: Тирсакобод | J1: Хайрабод | K1: Хирмон тепа | L1: Хонтўпи | M1: Шараф | N1: Шарқ | O1: Шарқ тонги | P1: Шухрат | Q1: 1-Чарх Камолон | R1: 2-Чарх Камолон | S1: 3-Чарх Камолон | T1: Бешёғоч | U1: Катта Козиробод | V1: Катта Олмазор | W1: Катта Чилонзор-1 | X1: Катта Чилонзор-2 | Y1: Катта Чилонзор-3 | Z1: Қозиробод | AA1: Новза | AB1: Чилонзор | AC1: 1-Қатортол | AD1: Бешчинор | AE1: Боғзор | AF1: Диёр | AG1: Дилобод | AH1: Катта Навбаҳор | AI1: Кўркам | AJ1: Кўтарма | AK1: Қатортол | AL1: Лутфий | AM1: Навбахор | AN1: Нафосат | AO1: Оқ-тепа | AP1: Халқлар Дўстлиги | AQ1: Чўпон-ота | AR1: 2-Қатортол | AS1: Ботирма | AT1: Бўрижар | AU1: Гавхар | AV1: Дўмбиробод | AW1: Зарқўрғон | AX1: Катта Дўмбиробод | AY1: Кичик Хирмонтепа | AZ1: Мевазор | BA1: Мехржон | BB1: Наққошлик | BC1: Фидокор | BD1: Яккабоғ | BE1: Яккатут | BF1: Бешқўрғон
A2: 1. | B2: Савдо ва маиший хизмат кўрсатиш объектларини техник қўриқловга олиш | C2: =+SUM(D2:BF2) -> 13 | D2: 0 | E2: 0 | F2: 0 | G2: 0 | H2: 0 | I2: 0 | J2: 0 | K2: 0 | L2: 0 | M2: 0 | N2: 0 | O2: 0 | P2: 0 | Q2: 0 | R2: 0 | S2: 0 | T2: 0 | U2: 0 | V2: 0 | W2: 0 | X2: 0 | Y2: 11 | Z2: 0 | AA2: 2 | AB2: 0 | AC2: 0 | AD2: 0 | AE2: 0 | AF2: 0 | AG2: 0 | AH2: 0 | AI2: 0 | AJ2: 0 | AK2: 0 | AL2: 0 | AM2: 0 | AN2: 0 | AO2: 0 | AP2: 0 | AQ2: 0 | AR2: 0 | AS2: 0 | AT2: 0 | AU2: 0 | AV2: 0 | AW2: 0 | AX2: 0 | AY2: 0 | AZ2: 0 | BA2: 0 | BB2: 0 | BC2: 0 | BD2: 0 | BE2: 0 | BF2: 0
A3: шундан | B3: савдо дўконлари | C3: =+SUM(D3:BF3) -> 6 | Y3: 4 | AA3: 2
B4: спиртли ичимликлар дўконлари | C4: =+SUM(D4:BF4) -> 0
B5: умумий овқатланиш жойлари | C5: =+SUM(D5:BF5) -> 2 | Y5: 2
B6: компьютер-плейстейшн | C6: =+SUM(D6:BF6) -> 1 | Y6: 1
B7: бошқа турдаги объектлар | C7: =+SUM(D7:BF7) -> 4 | Y7: 4
A8: 2. | B8: Кўп қаватли ва якка тартибдаги хонадонларни техник қўриқловга олиш | C8: =+SUM(D8:BF8) -> 2 | AT8: 2
A9: 3. | B9: Кўп қаватли уйларнинг кириш йўлаклари олдига ташвиш тугмаларини ўрнатиш | C9: =+SUM(D9:BF9) -> 7 | W9: 2 | AW9: 5
A10: 4. | B10: Кун давомида келиб тушган "ташвиш хабарлари" | C10: =+SUM(D10:BF10) -> 18 | F10: 1 | N10: 1 | V10: 1 | W10: 2 | Y10: 1 | Z10: 1 | AA10: 2 | AH10: 1 | AI10: 1 | AL10: 1 | AM10: 2 | AT10: 2 | AV10: 1 | BF10: 1
A11: 4.1. | B11: Чақирувга асосан ҳодиса жойига етиб борган тезкор ҳаракатланувчи гуруҳ | C11: =+SUM(D11:BF11) -> 18 | F11: 1 | N11: 1 | V11: 1 | W11: 2 | Y11: 1 | Z11: 1 | AA11: 2 | AH11: 1 | AI11: 1 | AL11: 1 | AM11: 2 | AT11: 2 | AV11: 1 | BF11: 1
A12: 5. | B12: тезкор ҳаракатланувчи гуруҳлар томонидан аниқланган жиноятлар | C12: =+SUM(D12:BF12) -> 0
A13: 6. | B13: тезкор ҳаракатланувчи гуруҳлар томонидан ушланган қидирувдаги шахслар | C13: =+SUM(D13:BF13) -> 0
A14: 7. | B14: Қўриқлаш хизмати афзалликлари бўйича тарғибот учрашувлари ўтказиш | C14: =+SUM(D14:BF14) -> 217 | J14: 9 | L14: 5 | N14: 5 | Q14: 5 | S14: 4 | T14: 5 | V14: 5 | AE14: 41 | AH14: 5 | AI14: 4 | AN14: 82 | AQ14: 4 | AR14: 9 | AS14: 5 | AU14: 3 | AW14: 13 | AY14: 2 | BB14: 4 | BE14: 4 | BF14: 3
A15: 8. | B15: “Объект қўриқловда!” ва “Хонадон қўриқловда!” стикерларини жойлаштириш | C15: =+SUM(D15:BF15) -> 93 | D15: 5 | H15: 4 | K15: 5 | O15: 5 | Z15: 3 | AE15: 49 | AF15: 3 | AN15: 10 | AR15: 1 | AW15: 5 | AY15: 3
A16: 9. | B16: Объектларни жисмоний қўриқловга олиш | C16: =+SUM(D16:BF16) -> 0
A17: шундан | B17: шаҳодатланган таркиб | C17: =+SUM(D17:BF17) -> 0
B18: ҳарбийлаштирилган соқчи | C18: =+SUM(D18:BF18) -> 0
B19: қоровуллик | C19: =+SUM(D19:BF19) -> 0
F20: 25 | T20: 12 | W20: 1 | Y20: 65 | AA20: 98

Sheet 03.18
